{
  "best_d": 6.228257656097412,
  "best_layer": 15,
  "best_p": 1.5696436728241687e-21,
  "n_eval": 12,
  "n_train": 24,
  "num_layers": 28,
  "proj_std_best_layer": 0.24556618928909302
}