{
  "best_d": 3.0039658546447754,
  "best_layer": 2,
  "best_p": 3.193384792710141e-11,
  "n_eval": 12,
  "n_train": 24,
  "n_train_neg": 24,
  "n_train_pos": 24,
  "num_layers": 28,
  "proj_std_best_layer": 0.03571678698062897,
  "train_prompt_mode": "shared"
}