{
  "panel_id": "Fig_03_I",
  "title": "Self-Report Drift Under Steering — Impulsive / Planning",
  "description": "Mean logit self-report across turns for different steering alphas (display-corrected for polarity). Drift Spearman ρ indicates temporal trend at each alpha level.",
  "concept": "impulsive_vs_planning",
  "alpha_display_flipped": true,
  "drift_by_alpha": {
    "-4.0": {
      "display_alpha": 4.0,
      "means": [
        4.5312,
        4.3737,
        4.3423,
        4.2879,
        4.2716,
        4.284,
        4.2835,
        4.2434,
        4.2319,
        4.1791
      ],
      "ci_low": [
        4.451,
        4.2674,
        4.2326,
        4.1961,
        4.1928,
        4.1933,
        4.19,
        4.1464,
        4.1316,
        4.0847
      ],
      "ci_high": [
        4.616,
        4.4881,
        4.4597,
        4.378,
        4.35,
        4.3762,
        4.374,
        4.3431,
        4.3372,
        4.2718
      ],
      "drift_spearman_rho": -0.279,
      "drift_spearman_p": 1.3888101384155358e-08,
      "drift_magnitude": -0.3521
    },
    "-2.0": {
      "display_alpha": 2.0,
      "means": [
        4.2918,
        4.1311,
        4.1168,
        4.0824,
        4.0608,
        4.0861,
        4.0912,
        4.0696,
        4.0749,
        4.0218
      ],
      "ci_low": [
        4.206,
        4.022,
        4.0071,
        3.9942,
        3.9828,
        3.9936,
        3.9926,
        3.9736,
        3.9686,
        3.925
      ],
      "ci_high": [
        4.3808,
        4.251,
        4.2398,
        4.176,
        4.1398,
        4.1847,
        4.1902,
        4.1662,
        4.1909,
        4.1143
      ],
      "drift_spearman_rho": -0.1833,
      "drift_spearman_p": 0.0002276268056795447,
      "drift_magnitude": -0.27
    },
    "0.0": {
      "display_alpha": -0.0,
      "means": [
        4.0467,
        3.911,
        3.8982,
        3.8753,
        3.8533,
        3.8717,
        3.8746,
        3.8766,
        3.8837,
        3.8459
      ],
      "ci_low": [
        3.9679,
        3.8166,
        3.801,
        3.799,
        3.7863,
        3.7898,
        3.7909,
        3.7909,
        3.7892,
        3.7581
      ],
      "ci_high": [
        4.129,
        4.0197,
        4.0053,
        3.9547,
        3.9196,
        3.9582,
        3.9575,
        3.9622,
        3.9896,
        3.9332
      ],
      "drift_spearman_rho": -0.164,
      "drift_spearman_p": 0.0009973034658057789,
      "drift_magnitude": -0.2008
    },
    "2.0": {
      "display_alpha": -2.0,
      "means": [
        3.9197,
        3.8237,
        3.8132,
        3.7839,
        3.7672,
        3.7797,
        3.7765,
        3.7809,
        3.7983,
        3.7633
      ],
      "ci_low": [
        3.8473,
        3.7396,
        3.7281,
        3.7205,
        3.7122,
        3.7104,
        3.7098,
        3.7098,
        3.7173,
        3.6918
      ],
      "ci_high": [
        3.994,
        3.9216,
        3.9016,
        3.8525,
        3.8191,
        3.8519,
        3.8453,
        3.8556,
        3.8931,
        3.8366
      ],
      "drift_spearman_rho": -0.153,
      "drift_spearman_p": 0.0021454436861413385,
      "drift_magnitude": -0.1564
    },
    "4.0": {
      "display_alpha": -4.0,
      "means": [
        3.8794,
        3.8024,
        3.795,
        3.7593,
        3.7497,
        3.7624,
        3.759,
        3.7608,
        3.7861,
        3.7549
      ],
      "ci_low": [
        3.8128,
        3.7223,
        3.7187,
        3.7021,
        3.7017,
        3.7028,
        3.6998,
        3.6991,
        3.7156,
        3.6933
      ],
      "ci_high": [
        3.9503,
        3.8911,
        3.878,
        3.8178,
        3.7959,
        3.8259,
        3.8176,
        3.8238,
        3.8734,
        3.8213
      ],
      "drift_spearman_rho": -0.1147,
      "drift_spearman_p": 0.0217731102853024,
      "drift_magnitude": -0.1245
    }
  }
}