{
  "panel_id": "Fig_03_E",
  "title": "Turn-wise Isotonic R² (Combined)",
  "description": "All four turn-wise isotonic R² curves shown in a single axis with lighter confidence bands to facilitate cross-concept comparison.",
  "turnwise_r2": {
    "wellbeing": {
      "turns": [
        1,
        2,
        3,
        4,
        5,
        6,
        7,
        8,
        9,
        10
      ],
      "isotonic_r2": [
        0.39795284346142323,
        0.5857755218271898,
        0.626140741573463,
        0.5859973314410558,
        0.5330416013198873,
        0.5663569531156692,
        0.559177315372504,
        0.6321668565867034,
        0.6645831367317201,
        0.7066412032213341
      ],
      "isotonic_r2_ci": [
        [
          0.2167539629703459,
          0.712737285376265
        ],
        [
          0.39083907476141566,
          0.798435572056181
        ],
        [
          0.43128340897076356,
          0.827290466619028
        ],
        [
          0.4059716965694826,
          0.8258517026024482
        ],
        [
          0.36386976918225394,
          0.7467907304009316
        ],
        [
          0.39335521119082284,
          0.8115680189904629
        ],
        [
          0.44716078336260245,
          0.7764776331977624
        ],
        [
          0.47417893918876447,
          0.8637758737927103
        ],
        [
          0.5720769818574628,
          0.8436408030759597
        ],
        [
          0.6006566815199645,
          0.8528867647492612
        ]
      ]
    },
    "interest": {
      "turns": [
        1,
        2,
        3,
        4,
        5,
        6,
        7,
        8,
        9,
        10
      ],
      "isotonic_r2": [
        0.5060086584038511,
        0.5814059938505913,
        0.6408579694500687,
        0.8001767235066195,
        0.8032728480829721,
        0.7136754413486457,
        0.7942789997267667,
        0.8518738333492325,
        0.7802541800307773,
        0.7757726195450325
      ],
      "isotonic_r2_ci": [
        [
          0.3509676600436726,
          0.7316034728726943
        ],
        [
          0.4382709168439473,
          0.8130601896863126
        ],
        [
          0.4809990991290039,
          0.8299168168006396
        ],
        [
          0.7061286600281201,
          0.9152004112806924
        ],
        [
          0.7204077031027609,
          0.9112599789338691
        ],
        [
          0.5611229319342427,
          0.8847194989967396
        ],
        [
          0.6697753482628371,
          0.9158024372210549
        ],
        [
          0.7752110598339084,
          0.9450881942429108
        ],
        [
          0.6780968719370309,
          0.9100957955352929
        ],
        [
          0.6496370821767448,
          0.9042678272313958
        ]
      ]
    },
    "focus": {
      "turns": [
        1,
        2,
        3,
        4,
        5,
        6,
        7,
        8,
        9,
        10
      ],
      "isotonic_r2": [
        0.11122101257076833,
        0.17598076857373346,
        0.2547058705026385,
        0.3729135117738468,
        0.4080203869229555,
        0.35420293242286915,
        0.23510317287808324,
        0.1843449094762748,
        0.20684050992114889,
        0.2807809313376203
      ],
      "isotonic_r2_ci": [
        [
          0.07511916569696896,
          0.45740290455218213
        ],
        [
          0.07817097328003958,
          0.46762817669517986
        ],
        [
          0.12550303187423792,
          0.5820613833608522
        ],
        [
          0.2408606700515943,
          0.6504169437377894
        ],
        [
          0.24120795232741568,
          0.6808335607665846
        ],
        [
          0.1716250959796102,
          0.6281440553843621
        ],
        [
          0.10445204116580897,
          0.5318671327542385
        ],
        [
          0.08241271282717681,
          0.5051491906264696
        ],
        [
          0.11502959296198505,
          0.5110615432834276
        ],
        [
          0.14927931604618405,
          0.632383802074666
        ]
      ]
    },
    "impulsivity": {
      "turns": [
        1,
        2,
        3,
        4,
        5,
        6,
        7,
        8,
        9,
        10
      ],
      "isotonic_r2": [
        0.5471606369900184,
        0.5215471783301884,
        0.48655144260514516,
        0.337127313721967,
        0.38449222779907655,
        0.5907163272180963,
        0.4341205220668577,
        0.35350013032941174,
        0.2526074253442647,
        0.2694784356981742
      ],
      "isotonic_r2_ci": [
        [
          0.374981938552682,
          0.7912426300445863
        ],
        [
          0.394971010053408,
          0.7620740532096486
        ],
        [
          0.3242594220987352,
          0.7491213253131123
        ],
        [
          0.1782389704085488,
          0.5903678748358739
        ],
        [
          0.19764616618692302,
          0.7134045036354631
        ],
        [
          0.4520572195392824,
          0.8317102734224269
        ],
        [
          0.3048725999339713,
          0.7294596513574232
        ],
        [
          0.24625573653654287,
          0.6560533176835135
        ],
        [
          0.12043254516977278,
          0.5505066280734502
        ],
        [
          0.1483347679493593,
          0.5674369341125369
        ]
      ]
    }
  }
}