{
  "panel_id": "App_Fig_04_G",
  "title": "Probe Score Drift — Impulsive / Planning → Interested / Bored",
  "description": "Mean probe score (bored_vs_interested, polarity-corrected) across turns for different steering alphas (steering: impulsivity). Alpha labels display-corrected (flipped=True). Drift significance: Spearman ρ of turn vs probe score at each α.",
  "steer_concept": "impulsivity",
  "meas_concept": "interest",
  "alpha_display_flipped": true,
  "probe_polarity_flipped": false,
  "drift_by_alpha": {
    "-4.0": {
      "display_alpha": 4.0,
      "drift_magnitude": 0.0992,
      "first_turn_mean": -1.0633,
      "last_turn_mean": -0.9642,
      "drift_spearman_rho_POOLED": 0.2135,
      "drift_spearman_p_POOLED": 1.662776441346691e-05,
      "per_conv_drifts": [
        0.03218412399291992,
        0.14380228519439697,
        0.030321359634399414,
        0.05410122871398926,
        0.008239030838012695,
        0.3076359033584595,
        0.09096288681030273,
        0.06121790409088135,
        0.14186859130859375,
        0.13266730308532715,
        0.08392733335494995,
        0.11393439769744873,
        0.136834979057312,
        0.08632886409759521,
        0.10596644878387451,
        0.1647108793258667,
        0.0594707727432251,
        0.10715508460998535,
        0.02747046947479248,
        0.22863173484802246,
        0.0453944206237793,
        0.14383423328399658,
        0.019582390785217285,
        0.11842739582061768,
        0.11033844947814941,
        0.15770691633224487,
        0.1294187307357788,
        0.15076106786727905,
        0.20600104331970215,
        0.16078108549118042,
        -0.007038235664367676,
        0.11562180519104004,
        0.04320549964904785,
        0.0706787109375,
        0.08244729042053223,
        -0.06219947338104248,
        -3.123283386230469e-05,
        0.16203129291534424,
        0.030029892921447754,
        0.17256206274032593
      ],
      "corrected_drift": {
        "per_conv_slopes": {
          "n": 40,
          "mean": 0.005792601225954106,
          "std": 0.007256502758056749,
          "t_stat": 5.0486616106527995,
          "t_p": 1.07401092841456e-05,
          "wilcoxon_stat": 98.0,
          "wilcoxon_p": 6.9107463787076995e-06,
          "slopes": [
            0.001402,
            0.009449,
            0.001036,
            0.005931,
            -0.005408,
            0.028542,
            -0.001952,
            0.003612,
            0.010718,
            0.009455,
            0.011988,
            0.007618,
            0.010899,
            0.008475,
            0.003031,
            0.011352,
            0.000257,
            0.001915,
            -0.002063,
            0.012548,
            0.001615,
            0.008096,
            -0.000443,
            0.005159,
            0.006585,
            0.009854,
            0.007352,
            0.008544,
            0.013156,
            0.01627,
            -0.004337,
            0.011891,
            0.00112,
            0.003142,
            0.00503,
            -0.014545,
            1.7e-05,
            0.012259,
            -5.9e-05,
            0.012193
          ]
        },
        "lmm": {
          "intercept": -1.0136052968104683,
          "slope": 0.005792601225954151,
          "slope_z": 7.970947841242764,
          "slope_p": 1.5746196264614575e-15,
          "n_obs": 400,
          "n_groups": 40,
          "converged": true
        }
      }
    },
    "-2.0": {
      "display_alpha": 2.0,
      "drift_magnitude": 0.0959,
      "first_turn_mean": -0.6732,
      "last_turn_mean": -0.5773,
      "drift_spearman_rho_POOLED": 0.2222,
      "drift_spearman_p_POOLED": 7.25543354008263e-06,
      "per_conv_drifts": [
        0.03183865547180176,
        0.13901251554489136,
        0.017779409885406494,
        0.04802960157394409,
        0.00521087646484375,
        0.2986045479774475,
        0.08873599767684937,
        0.06611859798431396,
        0.1269434690475464,
        0.12533879280090332,
        0.0829002857208252,
        0.1055346131324768,
        0.12985777854919434,
        0.07687079906463623,
        0.10651707649230957,
        0.15911710262298584,
        0.06644457578659058,
        0.10434502363204956,
        0.031423747539520264,
        0.2157779037952423,
        0.049262046813964844,
        0.13848716020584106,
        0.01743781566619873,
        0.10709542036056519,
        0.11113512516021729,
        0.1574488878250122,
        0.12358075380325317,
        0.1373283863067627,
        0.19230791926383972,
        0.15967035293579102,
        -0.007473289966583252,
        0.1105836033821106,
        0.04212793707847595,
        0.07875627279281616,
        0.07609832286834717,
        -0.04918086528778076,
        -0.0034598112106323242,
        0.16799134016036987,
        0.030160188674926758,
        0.16880527138710022
      ],
      "corrected_drift": {
        "per_conv_slopes": {
          "n": 40,
          "mean": 0.005712546787478699,
          "std": 0.006727449464467509,
          "t_stat": 5.370433233017348,
          "t_p": 3.869097289489294e-06,
          "wilcoxon_stat": 80.0,
          "wilcoxon_p": 1.4051875041332096e-06,
          "slopes": [
            0.00149,
            0.009448,
            0.001641,
            0.005557,
            -0.005536,
            0.027441,
            -0.001438,
            0.004031,
            0.008533,
            0.008556,
            0.011907,
            0.00718,
            0.010543,
            0.007342,
            0.00293,
            0.010441,
            0.001338,
            0.002239,
            -0.001249,
            0.011756,
            0.001989,
            0.007801,
            -0.000243,
            0.004562,
            0.007075,
            0.010009,
            0.007002,
            0.007177,
            0.011797,
            0.016127,
            -0.002807,
            0.011179,
            0.00125,
            0.004197,
            0.004198,
            -0.012382,
            -0.000597,
            0.012596,
            0.000923,
            0.012501
          ]
        },
        "lmm": {
          "intercept": -0.6285558867454552,
          "slope": 0.005712546787478699,
          "slope_z": 8.24827256440901,
          "slope_p": 1.607005084146897e-16,
          "n_obs": 400,
          "n_groups": 40,
          "converged": true
        }
      }
    },
    "0.0": {
      "display_alpha": -0.0,
      "drift_magnitude": 0.0858,
      "first_turn_mean": -0.3054,
      "last_turn_mean": -0.2196,
      "drift_spearman_rho_POOLED": 0.2122,
      "drift_spearman_p_POOLED": 1.8719367145569804e-05,
      "per_conv_drifts": [
        0.019823312759399414,
        0.11656676232814789,
        0.022414743900299072,
        0.03672003746032715,
        -0.004600346088409424,
        0.2780901938676834,
        0.09170867502689362,
        0.06436437368392944,
        0.11562934517860413,
        0.10909315943717957,
        0.07752983272075653,
        0.09972086548805237,
        0.11802250146865845,
        0.06294852495193481,
        0.09441471099853516,
        0.15171152353286743,
        0.054065048694610596,
        0.08687509596347809,
        0.02037903666496277,
        0.18839523196220398,
        0.048725426197052,
        0.11661328375339508,
        0.0062142014503479,
        0.09011609852313995,
        0.11162842810153961,
        0.14988967776298523,
        0.1122903823852539,
        0.12260958552360535,
        0.1662086546421051,
        0.15519563853740692,
        -0.011336982250213623,
        0.10071608424186707,
        0.0297204852104187,
        0.07158786058425903,
        0.07730108499526978,
        -0.04091283679008484,
        -0.014476597309112549,
        0.15656596422195435,
        0.02186867594718933,
        0.1590908318758011
      ],
      "corrected_drift": {
        "per_conv_slopes": {
          "n": 40,