{
  "panel_id": "App_Fig_03_F",
  "title": "Self-Report Drift Under Steering - Impulsive / Planning",
  "description": "Mean logit self-report across turns for different steering alphas (display-corrected for polarity). Drift Spearman ρ indicates temporal trend at each alpha level.",
  "concept": "impulsive_vs_planning",
  "alpha_display_flipped": true,
  "drift_by_alpha": {
    "4.0": {
      "display_alpha": -4.0,
      "means": [
        3.8794,
        3.8024,
        3.795,
        3.7593,
        3.7497,
        3.7624,
        3.759,
        3.7608,
        3.7861,
        3.7549
      ],
      "ci_low": [
        3.8128,
        3.7223,
        3.7187,
        3.7021,
        3.7017,
        3.7028,
        3.6998,
        3.6991,
        3.7156,
        3.6933
      ],
      "ci_high": [
        3.9503,
        3.8911,
        3.878,
        3.8178,
        3.7959,
        3.8259,
        3.8176,
        3.8238,
        3.8734,
        3.8213
      ],
      "drift_spearman_rho_POOLED": -0.1147,
      "drift_spearman_p_POOLED": 0.0217731102853024,
      "drift_magnitude": -0.1245,
      "corrected_drift": {
        "per_conv_slopes": {
          "n": 40,
          "mean": -0.008448990886502307,
          "std": 0.028928872889138833,
          "t_stat": -1.8471549329793353,
          "t_p": 0.07232137724403351,
          "wilcoxon_stat": 261.0,
          "wilcoxon_p": 0.0450981847334333,
          "slopes": [
            -0.010912,
            -0.001341,
            0.021114,
            -0.022905,
            0.021536,
            0.017392,
            -0.048336,
            -0.015167,
            -0.006951,
            -0.017805,
            -0.008101,
            0.03328,
            -0.023182,
            0.003526,
            -0.088793,
            -0.02481,
            0.004473,
            0.024194,
            -0.028462,
            -0.03458,
            0.048839,
            -0.003198,
            0.010447,
            -0.066602,
            -0.013648,
            0.000777,
            -0.021386,
            -0.025143,
            -0.017037,
            0.064969,
            -0.030665,
            -0.021565,
            -0.011402,
            0.004222,
            -0.006862,
            -0.013036,
            -0.00054,
            -0.002977,
            -0.052324,
            0.025003
          ]
        },
        "lmm": {
          "intercept": 3.8273625569064484,
          "slope": -0.008448990886502491,
          "slope_z": -3.965855282458258,
          "slope_p": 7.313322731909705e-05,
          "n_obs": 400,
          "n_groups": 40,
          "converged": true
        }
      }
    },
    "2.0": {
      "display_alpha": -2.0,
      "means": [
        3.9197,
        3.8237,
        3.8132,
        3.7839,
        3.7672,
        3.7797,
        3.7765,
        3.7809,
        3.7983,
        3.7633
      ],
      "ci_low": [
        3.8473,
        3.7396,
        3.7281,
        3.7205,
        3.7122,
        3.7104,
        3.7098,
        3.7098,
        3.7173,
        3.6918
      ],
      "ci_high": [
        3.994,
        3.9216,
        3.9016,
        3.8525,
        3.8191,
        3.8519,
        3.8453,
        3.8556,
        3.8931,
        3.8366
      ],
      "drift_spearman_rho_POOLED": -0.153,
      "drift_spearman_p_POOLED": 0.0021454436861413385,
      "drift_magnitude": -0.1564,
      "corrected_drift": {
        "per_conv_slopes": {
          "n": 40,
          "mean": -0.010651148629971265,
          "std": 0.03067270382069582,
          "t_stat": -2.196212604182939,
          "t_p": 0.034088848961995565,
          "wilcoxon_stat": 236.0,
          "wilcoxon_p": 0.01852677657188906,
          "slopes": [
            -0.014479,
            -0.003733,
            0.019417,
            -0.026402,
            0.028178,
            0.016413,
            -0.059165,
            -0.021474,
            -0.005674,
            -0.023293,
            -0.017252,
            0.037509,
            -0.026052,
            0.002436,
            -0.093167,
            -0.025014,
            0.000877,
            0.023182,
            -0.031158,
            -0.034112,
            0.048032,
            -0.009933,
            0.009643,
            -0.063766,
            -0.017001,
            0.003014,
            -0.022399,
            -0.03523,
            -0.015827,
            0.072346,
            -0.03131,
            -0.022367,
            -0.014474,
            -0.000449,
            -0.010883,
            -0.018219,
            -0.004425,
            -0.006744,
            -0.056049,
            0.022959
          ]
        },
        "lmm": {
          "intercept": 3.8592190203373504,
          "slope": -0.010651148629971258,
          "slope_z": -4.701207891845403,
          "slope_p": 2.586270389122438e-06,
          "n_obs": 400,
          "n_groups": 40,
          "converged": true
        }
      }
    },
    "0.0": {
      "display_alpha": -0.0,
      "means": [
        4.0467,
        3.911,
        3.8982,
        3.8753,
        3.8533,
        3.8717,
        3.8746,
        3.8766,
        3.8837,
        3.8459
      ],
      "ci_low": [
        3.9679,
        3.8166,
        3.801,
        3.799,
        3.7863,
        3.7898,
        3.7909,
        3.7909,
        3.7892,
        3.7581
      ],
      "ci_high": [
        4.129,
        4.0197,
        4.0053,
        3.9547,
        3.9196,
        3.9582,
        3.9575,
        3.9622,
        3.9896,
        3.9332
      ],
      "drift_spearman_rho_POOLED": -0.164,
      "drift_spearman_p_POOLED": 0.0009973034658057789,
      "drift_magnitude": -0.2008,
      "corrected_drift": {
        "per_conv_slopes": {
          "n": 40,
          "mean": -0.012669664382352664,
          "std": 0.03307254644251169,
          "t_stat": -2.422855265033055,
          "t_p": 0.02014288734060458,
          "wilcoxon_stat": 234.0,
          "wilcoxon_p": 0.017157761747512268,
          "slopes": [
            -0.019192,
            -0.005846,
            0.019259,
            -0.030569,
            0.034355,
            0.024055,
            -0.064981,
            -0.020341,
            -0.006732,
            -0.031632,
            -0.019492,
            0.042869,
            -0.019694,
            0.008462,
            -0.098452,
            -0.023795,
            -0.007454,
            0.023732,
            -0.044251,
            -0.039585,
            0.050179,
            -0.01505,
            0.007696,
            -0.059258,
            -0.020908,
            0.005752,
            -0.02865,
            -0.052101,
            -0.013957,
            0.068857,
            -0.031169,
            -0.028188,
            -0.013605,
            -0.004264,
            -0.018125,
            -0.026357,
            -0.001109,
            -0.013452,
            -0.060756,
            0.026961
          ]
        },
        "lmm": {
          "intercept": 3.9633852112866226,
          "slope": -0.012669664382352711,
          "slope_z": -5.024440850830566,
          "slope_p": 5.04901376203186e-07,
          "n_obs": 400,
          "n_groups": 40,
          "converged": true
        }
      }
    },
    "-2.0": {
      "display_alpha": 2.0,
      "means": [
        4.2918,
        4.1311,
        4.1168,
        4.0824,
        4.0608,
        4.0861,
        4.0912,
        4.0696,
        4.0749,
        4.0218
      ],
      "ci_low": [
        4.206,
        4.022,
        4.0071,
        3.9942,
        3.9828,
        3.9936,
        3.9926,
        3.9736,
        3.9686,
        3.925
      ],
      "ci_high": [
        4.3808,
        4.251,
        4.2398,
        4.176,
        4.1398,
        4.1847,
        4.1902,
        4.1662,
        4.1909,
        4.1143
      ],
      "drift_spearman_rho_POOLED": -0.1833,
      "drift_spearman_p_POOLED": 0.0002276268056795447,
      "drift_magnitude": -0.27,