{
  "best_d": 1.9849895238876343,
  "best_layer": 10,
  "best_layer_search": [
    0.2,
    0.8
  ],
  "best_layer_search_default": false,
  "best_layer_search_intervals": [
    [
      5,
      21
    ]
  ],
  "best_layer_search_layers": [
    5,
    6,
    7,
    8,
    9,
    10,
    11,
    12,
    13,
    14,
    15,
    16,
    17,
    18,
    19,
    20,
    21
  ],
  "best_p": 5.734721071348758e-07,
  "n_eval": 12,
  "n_train": 24,
  "n_train_neg": 24,
  "n_train_pos": 24,
  "num_layers": 28,
  "proj_std_best_layer": 0.07747846096754074,
  "train_prompt_mode": "shared"
}