{
  "best_d": 3.662160634994507,
  "best_layer": 15,
  "best_p": 9.952829576123645e-13,
  "n_eval": 5,
  "n_train": 23,
  "n_train_neg": 12,
  "n_train_pos": 11,
  "num_layers": 28,
  "proj_std_best_layer": 0.14592252671718597,
  "train_prompt_mode": "opposed"
}