{
  "correctness_by_category": {
    "cohen_d": 0.11050458997488022,
    "mean_adversarial": 6.949999809265137,
    "mean_non_adversarial": 6.550000190734863,
    "n_adversarial": 20,
    "n_non_adversarial": 20,
    "p_value": 0.7286936045378132,
    "sem_adversarial": 0.7795916609961505,
    "sem_non_adversarial": 0.8381527307120106
  },
  "probe_metrics": {
    "fabrication_vs_truthfulness": {
      "max": {
        "intercept": 0.6942264422371579,
        "n": 40,
        "p_value": 0.6493897416773443,
        "r": -0.07413186877965927,
        "slope": -0.005002486589434609
      },
      "mean": {
        "intercept": 0.012344834540744108,
        "n": 40,
        "p_value": 0.38274285040059,
        "r": -0.1418076753616333,
        "slope": -0.006832009044338814
      },
      "prop_pos": {
        "intercept": 0.5099613697645631,
        "n": 40,
        "p_value": 0.4263802138151588,
        "r": -0.12933558225631714,
        "slope": -0.008333794640244769
      }
    },
    "lying_vs_truthfulness": {
      "max": {
        "intercept": 0.4394612444413673,
        "n": 40,
        "p_value": 0.6009388150984514,
        "r": -0.08525414764881134,
        "slope": -0.008574185518173112
      },
      "mean": {
        "intercept": -0.43555511896674676,
        "n": 40,
        "p_value": 0.0996193245431575,
        "r": -0.26409512758255005,
        "slope": -0.020397167529787735
      },
      "prop_pos": {
        "intercept": 0.1642953024635947,
        "n": 40,
        "p_value": 0.14893332762999867,
        "r": -0.2324388176202774,
        "slope": -0.009944070357124543
      }
    }
  }
}