{
  "panel_id": "Fig_05_L",
  "title": "Scatter — Qwen 2.5 7B",
  "statistics": {
    "spearman_rho": 0.489,
    "spearman_p_POOLED": 1.9408479049919138e-25,
    "isotonic_r2": 0.7566,
    "n_POOLED": 400,
    "corrected_stats": {
      "per_conv_rhos": {
        "n": 40,
        "mean": 0.2966666666666666,
        "std": 0.4796181562991101,
        "t_stat": 3.9120386090286114,
        "t_p": 0.00035590245768766637,
        "wilcoxon_stat": 171.0,
        "wilcoxon_p": 0.0009411722930963151,
        "rhos": [
          -0.1879,
          -0.3333,
          -0.3939,
          0.3091,
          0.6606,
          0.1152,
          0.4061,
          0.3091,
          0.1394,
          0.2364,
          0.2,
          0.903,
          -0.4182,
          -0.5394,
          0.9273,
          0.3212,
          -0.0788,
          -0.1152,
          0.4061,
          0.6727,
          0.3576,
          0.1879,
          0.9152,
          0.8061,
          0.0545,
          0.4909,
          0.8061,
          -0.3333,
          -0.5879,
          0.6121,
          0.9515,
          0.903,
          0.8667,
          -0.297,
          0.0667,
          0.8545,
          -0.3455,
          0.7091,
          1.0,
          0.3091
        ]
      },
      "lmm": {
        "intercept": 3.901044640489329,
        "slope": 0.27994658774446,
        "slope_z": 19.4960309220656,
        "slope_p": 1.1863968581151406e-84,
        "n_obs": 400,
        "n_groups": 40,
        "converged": true
      }
    }
  }
}