{
  "panel_id": "Fig_05_K",
  "title": "Scatter — Gemma 3 4B",
  "statistics": {
    "spearman_rho": 0.2808,
    "spearman_p_POOLED": 1.1031122364368862e-08,
    "isotonic_r2": 0.1141,
    "n_POOLED": 400,
    "corrected_stats": {
      "per_conv_rhos": {
        "n": 40,
        "mean": 0.26999999999999996,
        "std": 0.3999810454410426,
        "t_stat": 4.2692771468907775,
        "t_p": 0.00012141728888489217,
        "wilcoxon_stat": 144.5,
        "wilcoxon_p": 0.00020590441454260144,
        "rhos": [
          0.7091,
          0.0303,
          0.3697,
          0.2242,
          -0.3455,
          0.7939,
          -0.0545,
          -0.0545,
          0.1636,
          0.7818,
          0.2727,
          0.1879,
          0.3697,
          0.0182,
          0.3939,
          -0.7576,
          0.0303,
          0.2485,
          0.2848,
          0.0424,
          -0.4545,
          0.697,
          0.3939,
          0.9515,
          0.6,
          0.5758,
          0.4788,
          -0.0788,
          0.9394,
          0.3333,
          -0.5394,
          -0.3212,
          0.2121,
          0.6606,
          0.2,
          0.3212,
          0.7333,
          0.2485,
          0.503,
          0.6364
        ]
      },
      "lmm": {
        "intercept": -7.584840273296002,
        "slope": 0.009480689772116602,
        "slope_z": 7.402984003096045,
        "slope_p": 1.331577960107171e-13,
        "n_obs": 400,
        "n_groups": 40,
        "converged": true
      }
    }
  }
}