{
  "description": "Figure 4 presents the 4×4 steering matrix. Two conditions show significant R² improvement: focus→wellbeing and impulsivity→interest. Alpha is display-corrected (negated for impulsive_vs_planning steering) so positive α consistently means \"more of the concept.\" Drift statistics include per-alpha Spearman rho of turn vs probe score.",
  "significant_conditions": [
    {
      "steering": "focus",
      "measured": "wellbeing",
      "baseline_r2": 0.4522,
      "best_r2": 0.753,
      "best_alpha_raw": 4.0,
      "best_alpha_display": 4.0,
      "alpha_flipped": false,
      "probe_meas_flipped": true
    },
    {
      "steering": "impulsivity",
      "measured": "interest",
      "baseline_r2": 0.5522,
      "best_r2": 0.6873,
      "best_alpha_raw": -4.0,
      "best_alpha_display": 4.0,
      "alpha_flipped": true,
      "probe_meas_flipped": false
    }
  ],
  "drift_decomposition": {
    "focus→wellbeing": {
      "-4.0": {
        "display_alpha": -4.0,
        "drift_magnitude": -0.0077,
        "first_turn_mean": -0.5191,
        "last_turn_mean": -0.5269,
        "drift_spearman_rho": -0.1144,
        "drift_spearman_p": 0.022097550117395472,
        "per_conv_drifts": [
          0.0070702433586120605,
          0.002176821231842041,
          -0.060075223445892334,
          -0.03140062093734741,
          0.11691039800643921,
          -0.036351174116134644,
          0.023411810398101807,
          -0.10915035009384155,
          0.05511629581451416,
          0.010505378246307373,
          0.0060236454010009766,
          -0.05944782495498657,
          -0.037335097789764404,
          0.026361167430877686,
          0.02791464328765869,
          -0.05859041213989258,
          -0.09287154674530029,
          0.06559368968009949,
          -0.04301875829696655,
          0.054881155490875244,
          -0.057472288608551025,
          0.041227370500564575,
          -0.023355305194854736,
          0.14804470539093018,
          -0.07616883516311646,
          0.007531642913818359,
          -0.022185951471328735,
          0.045472651720047,
          0.17582932114601135,
          0.06931602954864502,
          -0.09737670421600342,
          0.029737651348114014,
          -0.025960922241210938,
          -0.03580924868583679,
          -0.01192384958267212,
          -0.027282416820526123,
          -0.07622623443603516,
          -0.14452838897705078,
          -0.09809255599975586,
          0.002062678337097168
        ]
      },
      "-2.0": {
        "display_alpha": -2.0,
        "drift_magnitude": -0.0047,
        "first_turn_mean": -0.4091,
        "last_turn_mean": -0.4138,
        "drift_spearman_rho": -0.0635,
        "drift_spearman_p": 0.20532665880125175,
        "per_conv_drifts": [
          0.027903646230697632,
          0.028623312711715698,
          -0.06934314966201782,
          -0.006413519382476807,
          0.147257000207901,
          0.007137507200241089,
          -0.007821381092071533,
          -0.12579300999641418,
          0.02489030361175537,
          0.07022690773010254,
          0.007043004035949707,
          -0.03654569387435913,
          -0.02175348997116089,
          0.029310613870620728,
          0.043452829122543335,
          -0.060822486877441406,
          -0.10337340831756592,
          0.057395607233047485,
          -0.022533923387527466,
          0.09368610382080078,
          -0.0419689416885376,
          0.06372714042663574,
          0.03405606746673584,
          0.12144607305526733,
          -0.08080440759658813,
          0.026798397302627563,
          -0.013681888580322266,
          0.01896873116493225,
          0.18221168220043182,
          0.029697060585021973,
          -0.11707985401153564,
          0.021727919578552246,
          -0.044575899839401245,
          -0.008632034063339233,
          -0.017873525619506836,
          -0.04457703232765198,
          -0.11773395538330078,
          -0.1799464225769043,
          -0.13508397340774536,
          0.03322002291679382
        ]
      },
      "0.0": {
        "display_alpha": 0.0,
        "drift_magnitude": 0.0287,
        "first_turn_mean": -0.2052,
        "last_turn_mean": -0.1765,
        "drift_spearman_rho": 0.0342,
        "drift_spearman_p": 0.4951187836881543,
        "per_conv_drifts": [
          0.06671595573425293,
          0.08585236966609955,
          -0.0744028091430664,
          0.005763888359069824,
          0.17255274951457977,
          0.07125532627105713,
          0.013676226139068604,
          -0.09057793021202087,
          0.026761114597320557,
          0.14346393942832947,
          0.015969589352607727,
          0.0279911607503891,
          0.025567561388015747,
          0.0766533613204956,
          0.08788928389549255,
          0.006392180919647217,
          -0.058030903339385986,
          0.07429669797420502,
          0.04686844348907471,
          0.1599140167236328,
          0.02921108901500702,
          0.11371856927871704,
          0.09845612943172455,
          0.10263732075691223,
          -0.032893016934394836,
          0.08918236196041107,
          -0.008806735277175903,
          0.03777281939983368,
          0.1738341748714447,
          -0.03217959403991699,
          -0.09930355846881866,
          0.06050688028335571,
          -0.031262025237083435,
          0.07067596912384033,
          0.00910387933254242,
          -0.0090809166431427,
          -0.10139650106430054,
          -0.14438468217849731,
          -0.12305846810340881,
          0.05970928072929382
        ]
      },
      "2.0": {
        "display_alpha": 2.0,
        "drift_magnitude": 0.0723,
        "first_turn_mean": -0.0326,
        "last_turn_mean": 0.0398,
        "drift_spearman_rho": 0.1137,
        "drift_spearman_p": 0.022895166071485184,
        "per_conv_drifts": [
          0.09009559452533722,
          0.11140477657318115,
          -0.048576951026916504,
          0.0518508106470108,
          0.21960842609405518,
          0.10659812390804291,
          0.01678590476512909,
          -0.04257139563560486,
          0.010721027851104736,
          0.13987857103347778,
          0.06830194592475891,
          0.06038261950016022,
          0.07172052562236786,
          0.1051533967256546,
          0.18520335853099823,
          0.05564223229885101,
          -0.0417880117893219,
          0.0809716135263443,
          0.09988084435462952,
          0.19603410363197327,
          0.09895689785480499,
          0.1854938566684723,
          0.13162654638290405,
          0.13683128356933594,
          0.04440578818321228,
          0.11810673773288727,
          0.05162838101387024,
          0.11543641984462738,
          0.21946051716804504,
          -0.03516017645597458,
          -0.03606398403644562,
          0.09847094118595123,
          -0.03446778655052185,
          0.13823625445365906,
          0.023159384727478027,
          0.06568196415901184,
          -0.02363782376050949,
          -0.036378413438797,
          -0.026043787598609924,
          0.12032806873321533
        ]
      },
      "4.0": {
        "display_alpha": 4.0,
        "drift_magnitude": 0.1264,
        "first_turn_mean": 0.0198,
        "last_turn_mean": 0.1462,
        "drift_spearman_rho": 0.2128,
        "drift_spearman_p": 1.774961468956268e-05,