{
  "panel_id": "Fig_04_I",
  "title": "Probe Score Drift — Focused / Distracted → Happy / Sad",
  "description": "Mean probe score (sad_vs_happy, polarity-corrected) across turns for different steering alphas (steering: focus). Alpha labels display-corrected (flipped=False). Drift significance: Spearman ρ of turn vs probe score at each α.",
  "steer_concept": "focus",
  "meas_concept": "wellbeing",
  "alpha_display_flipped": false,
  "probe_polarity_flipped": true,
  "drift_by_alpha": {
    "-4.0": {
      "display_alpha": -4.0,
      "drift_magnitude": -0.0077,
      "first_turn_mean": -0.5191,
      "last_turn_mean": -0.5269,
      "drift_spearman_rho_POOLED": -0.1144,
      "drift_spearman_p_POOLED": 0.022097550117395472,
      "per_conv_drifts": [
        0.0070702433586120605,
        0.002176821231842041,
        -0.060075223445892334,
        -0.03140062093734741,
        0.11691039800643921,
        -0.036351174116134644,
        0.023411810398101807,
        -0.10915035009384155,
        0.05511629581451416,
        0.010505378246307373,
        0.0060236454010009766,
        -0.05944782495498657,
        -0.037335097789764404,
        0.026361167430877686,
        0.02791464328765869,
        -0.05859041213989258,
        -0.09287154674530029,
        0.06559368968009949,
        -0.04301875829696655,
        0.054881155490875244,
        -0.057472288608551025,
        0.041227370500564575,
        -0.023355305194854736,
        0.14804470539093018,
        -0.07616883516311646,
        0.007531642913818359,
        -0.022185951471328735,
        0.045472651720047,
        0.17582932114601135,
        0.06931602954864502,
        -0.09737670421600342,
        0.029737651348114014,
        -0.025960922241210938,
        -0.03580924868583679,
        -0.01192384958267212,
        -0.027282416820526123,
        -0.07622623443603516,
        -0.14452838897705078,
        -0.09809255599975586,
        0.002062678337097168
      ],
      "corrected_drift": {
        "per_conv_slopes": {
          "n": 40,
          "mean": -0.0020120838736042853,
          "std": 0.00735003812048957,
          "t_stat": -1.731356430967756,
          "t_p": 0.09129320832581098,
          "wilcoxon_stat": 252.0,
          "wilcoxon_p": 0.033219984823517734,
          "slopes": [
            0.000452,
            -9.7e-05,
            -0.005687,
            -0.001983,
            0.012329,
            -0.002642,
            -0.004216,
            -0.013405,
            0.003213,
            -0.00055,
            -0.000943,
            -0.007015,
            -0.004526,
            0.003004,
            -0.001128,
            -0.009326,
            -0.010388,
            0.006072,
            -0.010306,
            0.003535,
            -0.00659,
            0.007137,
            -0.005818,
            0.015244,
            -0.006244,
            0.000728,
            -0.003894,
            0.005808,
            0.018749,
            0.001933,
            -0.012907,
            -0.006608,
            -0.004432,
            -0.007593,
            0.002416,
            -0.002967,
            -0.006793,
            -0.00915,
            -0.013918,
            -0.001975
          ]
        },
        "lmm": {
          "intercept": -0.5162128675480708,
          "slope": -0.002012083873604277,
          "slope_z": -3.539694219106943,
          "slope_p": 0.00040059088794145933,
          "n_obs": 400,
          "n_groups": 40,
          "converged": true
        }
      }
    },
    "-2.0": {
      "display_alpha": -2.0,
      "drift_magnitude": -0.0047,
      "first_turn_mean": -0.4091,
      "last_turn_mean": -0.4138,
      "drift_spearman_rho_POOLED": -0.0635,
      "drift_spearman_p_POOLED": 0.20532665880125175,
      "per_conv_drifts": [
        0.027903646230697632,
        0.028623312711715698,
        -0.06934314966201782,
        -0.006413519382476807,
        0.147257000207901,
        0.007137507200241089,
        -0.007821381092071533,
        -0.12579300999641418,
        0.02489030361175537,
        0.07022690773010254,
        0.007043004035949707,
        -0.03654569387435913,
        -0.02175348997116089,
        0.029310613870620728,
        0.043452829122543335,
        -0.060822486877441406,
        -0.10337340831756592,
        0.057395607233047485,
        -0.022533923387527466,
        0.09368610382080078,
        -0.0419689416885376,
        0.06372714042663574,
        0.03405606746673584,
        0.12144607305526733,
        -0.08080440759658813,
        0.026798397302627563,
        -0.013681888580322266,
        0.01896873116493225,
        0.18221168220043182,
        0.029697060585021973,
        -0.11707985401153564,
        0.021727919578552246,
        -0.044575899839401245,
        -0.008632034063339233,
        -0.017873525619506836,
        -0.04457703232765198,
        -0.11773395538330078,
        -0.1799464225769043,
        -0.13508397340774536,
        0.03322002291679382
      ],
      "corrected_drift": {
        "per_conv_slopes": {
          "n": 40,
          "mean": -0.001696761503364103,
          "std": 0.007998703456108267,
          "t_stat": -1.341625183672615,
          "t_p": 0.18747768239810367,
          "wilcoxon_stat": 296.0,
          "wilcoxon_p": 0.12810258085846726,
          "slopes": [
            0.001969,
            0.003687,
            -0.005073,
            -0.00061,
            0.014376,
            0.003231,
            -0.009254,
            -0.0153,
            0.000527,
            0.007121,
            -0.001913,
            -0.005461,
            -0.004137,
            0.004275,
            -0.001188,
            -0.008484,
            -0.01049,
            0.003281,
            -0.009318,
            0.006009,
            -0.005342,
            0.010806,
            -0.000194,
            0.014362,
            -0.006604,
            0.000949,
            -0.005934,
            0.005656,
            0.01738,
            -0.002338,
            -0.014625,
            -0.009699,
            -0.005805,
            -0.002385,
            0.003843,
            -0.003542,
            -0.00864,
            -0.008725,
            -0.016885,
            -0.003395
          ]
        },
        "lmm": {
          "intercept": -0.4129413631806797,
          "slope": -0.0016967615033641025,
          "slope_z": -2.4994720288696533,
          "slope_p": 0.012437851744505384,
          "n_obs": 400,
          "n_groups": 40,
          "converged": true
        }
      }
    },
    "0.0": {
      "display_alpha": 0.0,
      "drift_magnitude": 0.0287,
      "first_turn_mean": -0.2052,
      "last_turn_mean": -0.1765,
      "drift_spearman_rho_POOLED": 0.0342,
      "drift_spearman_p_POOLED": 0.4951187836881543,
      "per_conv_drifts": [
        0.06671595573425293,
        0.08585236966609955,
        -0.0744028091430664,
        0.005763888359069824,
        0.17255274951457977,
        0.07125532627105713,
        0.013676226139068604,
        -0.09057793021202087,
        0.026761114597320557,
        0.14346393942832947,
        0.015969589352607727,
        0.0279911607503891,
        0.025567561388015747,
        0.0766533613204956,
        0.08788928389549255,
        0.006392180919647217,
        -0.058030903339385986,
        0.07429669797420502,
        0.04686844348907471,
        0.1599140167236328,
        0.02921108901500702,
        0.11371856927871704,
        0.09845612943172455,
        0.10263732075691223,
        -0.032893016934394836,
        0.08918236196041107,
        -0.008806735277175903,
        0.03777281939983368,
        0.1738341748714447,
        -0.03217959403991699,
        -0.09930355846881866,
        0.06050688028335571,
        -0.031262025237083435,
        0.07067596912384033,
        0.00910387933254242,
        -0.0090809166431427,
        -0.10139650106430054,
        -0.14438468217849731,
        -0.12305846810340881,
        0.05970928072929382
      ],