{
  "panel_id": "Fig_05_E",
  "title": "Probe Drift Across Sizes — Happy / Sad",
  "drift_stats": {
    "1B": {
      "drift_magnitude": 0.0403,
      "spearman_rho_vs_turn": 0.2599,
      "spearman_p": 1.3478973678052916e-07,
      "per_conv_drifts": [
        0.1459963321685791,
        -0.015046283602714539,
        0.07806125283241272,
        -0.04152105748653412,
        0.023230761289596558,
        -0.008154943585395813,
        0.004413917660713196,
        -0.018970966339111328,
        0.022480666637420654,
        0.10260932147502899,
        -0.05444619059562683,
        0.0453556627035141,
        0.004524976015090942,
        0.05849793553352356,
        0.04641149938106537,
        -0.03876122832298279,
        0.07048715651035309,
        0.07990425825119019,
        0.14425235986709595,
        0.0008490458130836487,
        0.04872030019760132,
        0.028080016374588013,
        -0.006236240267753601,
        0.11186445504426956,
        0.07135412096977234,
        0.03131195902824402,
        0.051671102643013,
        0.06960137188434601,
        0.002683863043785095,
        0.1805013120174408,
        0.05545557662844658,
        -0.013861268758773804,
        0.05992230772972107,
        0.03881704807281494,
        0.023737803101539612,
        -0.01730586588382721,
        -0.015028342604637146,
        -0.017010807991027832,
        0.1322275549173355,
        0.12598484754562378
      ]
    },
    "3B": {
      "drift_magnitude": 0.0708,
      "spearman_rho_vs_turn": 0.1242,
      "spearman_p": 0.012907057424307148,
      "per_conv_drifts": [
        0.05259370803833008,
        0.09323000907897949,
        -0.033594682812690735,
        0.027671679854393005,
        0.2046794295310974,
        0.09175552427768707,
        0.05584411323070526,
        -0.018325835466384888,
        0.05961483716964722,
        0.17687039077281952,
        0.03702270984649658,
        0.06672295928001404,
        0.050905048847198486,
        0.1143382340669632,
        0.17435111105442047,
        0.05858272314071655,
        -0.01338350772857666,
        0.13201408088207245,
        0.08935900032520294,
        0.17863202095031738,
        0.07085809111595154,
        0.1613015979528427,
        0.14820680022239685,
        0.13345149159431458,
        0.022701680660247803,
        0.11736249923706055,
        0.048845112323760986,
        0.11088210344314575,
        0.22421151399612427,
        0.031851381063461304,
        -0.072970449924469,
        0.05550995469093323,
        0.016529232263565063,
        0.1129455715417862,
        0.06528210639953613,
        0.01041141152381897,
        -0.03191618621349335,
        -0.06249764561653137,
        -0.05516749620437622,
        0.1260637640953064
      ]
    },
    "8B": {
      "drift_magnitude": 0.1269,
      "spearman_rho_vs_turn": 0.4104,
      "spearman_p": 1.0976583084533424e-17,
      "per_conv_drifts": [
        0.1129535585641861,
        0.2534158229827881,
        0.08278894424438477,
        0.16878631711006165,
        -0.04205586016178131,
        0.17100831866264343,
        0.03757718205451965,
        0.17281009256839752,
        0.12469542026519775,
        0.14712759852409363,
        0.08694657683372498,
        0.1823054552078247,
        -0.015209093689918518,
        0.17659571766853333,
        0.13797375559806824,
        0.05802527070045471,
        0.11622461676597595,
        0.2841157913208008,
        0.09277099370956421,
        -0.011906296014785767,
        0.2307533621788025,
        0.43631434440612793,
        0.08083999156951904,
        0.08010983467102051,
        0.11790555715560913,
        0.14179618656635284,
        0.15134769678115845,
        0.16244259476661682,
        0.11779867112636566,
        0.0833941102027893,
        -0.08558192849159241,
        0.1944064497947693,
        0.1444372534751892,
        0.1290433406829834,
        0.1181088387966156,
        0.08507978916168213,
        0.11513271927833557,
        0.18000298738479614,
        0.10542614758014679,
        0.14895206689834595
      ]
    }
  }
}