{
  "panel_id": "Fig_05_Fii",
  "title": "Report Drift Magnitude Bars (bootstrap CI)",
  "drift_stats": {
    "1B": {
      "mean_drift": 1.7709,
      "ci_95": [
        1.3944,
        2.1391
      ],
      "n_conversations": 40,
      "std_drift": 1.1887
    },
    "3B": {
      "mean_drift": 0.381,
      "ci_95": [
        0.2627,
        0.5011
      ],
      "n_conversations": 40,
      "std_drift": 0.3887
    },
    "8B": {
      "mean_drift": 1.3327,
      "ci_95": [
        1.1268,
        1.5359
      ],
      "n_conversations": 40,
      "std_drift": 0.66
    }
  },
  "size_trend_ols_per_conversation": {
    "slope": -0.23176609953307836,
    "intercept": 1.4070757978121942,
    "pearson_r": -0.19654156851959362,
    "pearson_p": 0.03143669428531522,
    "stderr": 0.10643883007553644,
    "r_squared": 0.03862858815614211,
    "n": 120
  }
}