{
  "best_d": 3.9577014446258545,
  "best_layer": 13,
  "best_p": 4.817343186413591e-15,
  "n_eval": 12,
  "n_train": 24,
  "n_train_neg": 24,
  "n_train_pos": 24,
  "num_layers": 28,
  "proj_std_best_layer": 0.07860162854194641,
  "train_prompt_mode": "shared"
}