{
  "panel_id": "Fig_03_F",
  "title": "Turn-wise Spearman ρ (Combined)",
  "description": "All four turn-wise Spearman ρ curves shown in a single axis with lighter confidence bands to facilitate cross-concept comparison.",
  "turnwise_rho": {
    "wellbeing": {
      "turns": [
        1,
        2,
        3,
        4,
        5,
        6,
        7,
        8,
        9,
        10
      ],
      "spearman_rho": [
        0.5223264540337712,
        0.627204502814259,
        0.6673545966228894,
        0.6684803001876173,
        0.6369606003752345,
        0.6452157598499063,
        0.6911819887429644,
        0.7656660412757974,
        0.80187617260788,
        0.7855534709193247
      ],
      "spearman_rho_ci": [
        [
          0.2380593883959862,
          0.7274460868024691
        ],
        [
          0.4037249786969782,
          0.770974300950289
        ],
        [
          0.4483174341085206,
          0.803540582502535
        ],
        [
          0.44422095646337106,
          0.8325741532444784
        ],
        [
          0.43667782017554413,
          0.7910495474313377
        ],
        [
          0.4040496441741479,
          0.7982924317008101
        ],
        [
          0.4551970542352831,
          0.8211914269424717
        ],
        [
          0.580478026510104,
          0.8917991998937325
        ],
        [
          0.6427368395397522,
          0.8891316766774581
        ],
        [
          0.6318076850685546,
          0.8673706491063029
        ]
      ],
      "spearman_p": [
        0.0005457896413379208,
        1.4848827940459265e-05,
        2.560768980030808e-06,
        2.4283319846058853e-06,
        9.913166989674624e-06,
        6.964910170127005e-06,
        7.913721052235671e-07,
        8.628144162446396e-09,
        5.009720506100871e-10,
        1.9331041361980485e-09
      ],
      "rho_sign_flipped": true
    },
    "interest": {
      "turns": [
        1,
        2,
        3,
        4,
        5,
        6,
        7,
        8,
        9,
        10
      ],
      "spearman_rho": [
        0.5499061913696061,
        0.6739212007504691,
        0.6799249530956849,
        0.8380863039399626,
        0.8371482176360227,
        0.7499061913696061,
        0.7853658536585367,
        0.8694183864915574,
        0.8260787992495311,
        0.7953095684803003
      ],
      "spearman_rho_ci": [
        [
          0.31232953137435004,
          0.7578515235470611
        ],
        [
          0.42957185166249884,
          0.8267333860012163
        ],
        [
          0.42040096581269476,
          0.8389640025515248
        ],
        [
          0.6902798950352184,
          0.9069943440076434
        ],
        [
          0.7092749201969217,
          0.9010084452240119
        ],
        [
          0.5506723957767772,
          0.8705074744257544
        ],
        [
          0.6269657637321295,
          0.8833012421411863
        ],
        [
          0.7718577243978749,
          0.9166876622661443
        ],
        [
          0.6860523315974102,
          0.903938565778343
        ],
        [
          0.621335190229341,
          0.8962722921549287
        ]
      ],
      "spearman_p": [
        0.00023722925487054883,
        1.8726090915488669e-06,
        1.3968981082614465e-06,
        1.51618523163336e-11,
        1.6775014660124638e-11,
        2.5546357984152997e-08,
        1.9620051481050484e-09,
        3.393930459715473e-13,
        5.2822325292155374e-11,
        8.750870280177239e-10
      ],
      "rho_sign_flipped": false
    },
    "focus": {
      "turns": [
        1,
        2,
        3,
        4,
        5,
        6,
        7,
        8,
        9,
        10
      ],
      "spearman_rho": [
        0.25759849906191373,
        0.31538461538461543,
        0.4176360225140714,
        0.5247654784240151,
        0.5120075046904317,
        0.4127579737335835,
        0.33264540337711074,
        0.26641651031894936,
        0.3671669793621013,
        0.4722326454033771
      ],
      "spearman_rho_ci": [
        [
          -0.06443729452662376,
          0.535573672195573
        ],
        [
          0.04663032961265981,
          0.5533796177805428
        ],
        [
          0.12127102189663047,
          0.6586014928169682
        ],
        [
          0.2665474656661932,
          0.7085281305370117
        ],
        [
          0.24344599489838264,
          0.7214733254410418
        ],
        [
          0.10192346970367093,
          0.6537047984246214
        ],
        [
          0.01634195706689722,
          0.5994788021212318
        ],
        [
          -0.06871826383273599,
          0.5439295502948787
        ],
        [
          0.09976888352474815,
          0.5840194888708365
        ],
        [
          0.18561693535140936,
          0.710098768488679
        ]
      ],
      "spearman_p": [
        0.10854918990260146,
        0.0474420219886077,
        0.007332108865640982,
        0.0005084618248535972,
        0.0007322714688742725,
        0.008123173350335007,
        0.03597046823204041,
        0.09656862147270151,
        0.019774930807629206,
        0.0020937495945318324
      ],
      "rho_sign_flipped": false
    },
    "impulsivity": {
      "turns": [
        1,
        2,
        3,
        4,
        5,
        6,
        7,
        8,
        9,
        10
      ],
      "spearman_rho": [
        0.6457786116322702,
        0.6474671669793622,
        0.5609756097560976,
        0.43977485928705445,
        0.4855534709193246,
        0.6046904315196998,
        0.5998123827392121,
        0.5056285178236398,
        0.36979362101313323,
        0.4086303939962478
      ],
      "spearman_rho_ci": [
        [
          0.4247024763366753,
          0.7930141806274548
        ],
        [
          0.4288783598059586,
          0.776432778774587
        ],
        [
          0.262199089604341,
          0.769330653703565
        ],
        [
          0.12760591055816878,
          0.6570843389647278
        ],
        [
          0.16566226613044255,
          0.733626038950267
        ],
        [
          0.2960352225388626,
          0.8040125340994994
        ],
        [
          0.3450859423757024,
          0.7737507113959534
        ],
        [
          0.21987817735630757,
          0.7069025001219322
        ],
        [
          0.050323922937279324,
          0.6192809584053949
        ],
        [
          0.09470338668354057,
          0.6489379477709929
        ]
      ],
      "spearman_p": [
        6.7966891616004e-06,
        6.3141292661314505e-06,
        0.00016629962912649955,
        0.004519063842463644,
        0.0014933817947404202,
        3.58670584202075e-05,
        4.304128313604143e-05,
        0.0008741585681269656,
        0.018846698798713257,
        0.008848734558672335
      ],
      "rho_sign_flipped": true
    }
  }
}