{
  "description": "Appendix Figure 2 keeps the per-turn response-diversity analysis, sampled-token self-reports, and token-vs-logit calibration plots.",
  "unique_response_by_turn": {
    "wellbeing": {
      "per_turn_unique": {
        "1": 4,
        "2": 4,
        "3": 4,
        "4": 3,
        "5": 4,
        "6": 4,
        "7": 4,
        "8": 4,
        "9": 4,
        "10": 4
      },
      "mean_unique": 3.9,
      "max_unique": 4
    },
    "interest": {
      "per_turn_unique": {
        "1": 3,
        "2": 3,
        "3": 2,
        "4": 2,
        "5": 2,
        "6": 2,
        "7": 2,
        "8": 2,
        "9": 2,
        "10": 2
      },
      "mean_unique": 2.2,
      "max_unique": 3
    },
    "focus": {
      "per_turn_unique": {
        "1": 3,
        "2": 2,
        "3": 2,
        "4": 1,
        "5": 1,
        "6": 1,
        "7": 1,
        "8": 1,
        "9": 1,
        "10": 1
      },
      "mean_unique": 1.4,
      "max_unique": 3
    },
    "impulsivity": {
      "per_turn_unique": {
        "1": 1,
        "2": 1,
        "3": 1,
        "4": 1,
        "5": 1,
        "6": 1,
        "7": 1,
        "8": 1,
        "9": 2,
        "10": 1
      },
      "mean_unique": 1.1,
      "max_unique": 2
    }
  },
  "sampled_drift_stats": {
    "wellbeing": {
      "mean_rating": 6.372,
      "variance": 1.312,
      "spearman_rho_vs_turn_POOLED": -0.0026,
      "spearman_p_vs_turn_POOLED": 0.958051195861529,
      "n_conversations": 40,
      "corrected_drift": {
        "per_conv_slopes": {
          "n": 40,
          "mean": 0.0022727272727272865,
          "std": 0.14151414490456907,
          "t_stat": 0.10157281008265993,
          "t_p": 0.9196161920425099,
          "wilcoxon_stat": 397.5,
          "wilcoxon_p": 0.8785070700851065,
          "slopes": [
            0.09697,
            0.290909,
            0.006061,
            -0.224242,
            0.060606,
            0.133333,
            0.012121,
            0.09697,
            -0.109091,
            -0.206061,
            0.187879,
            -0.078788,
            0.060606,
            -0.163636,
            0.109091,
            -0.030303,
            0.078788,
            0.109091,
            0.145455,
            -0.181818,
            0.181818,
            -0.169697,
            -0.163636,
            -0.036364,
            -0.260606,
            -0.042424,
            0.036364,
            0.036364,
            0.181818,
            -0.254545,
            0.2,
            -0.109091,
            -0.066667,
            -0.060606,
            0.048485,
            0.193939,
            0.024242,
            0.090909,
            0.024242,
            -0.157576
          ]
        },
        "lmm": {
          "intercept": 1.6821560979169573e-19,
          "slope": 0.002272727272727345,
          "slope_z": 0.12444219180819947,
          "slope_p": 0.9009651687216433,
          "n_obs": 400,
          "n_groups": 40,
          "converged": true
        }
      }
    },
    "interest": {
      "mean_rating": 7.428,
      "variance": 0.9621,
      "spearman_rho_vs_turn_POOLED": 0.3568,
      "spearman_p_vs_turn_POOLED": 1.8631017395904062e-13,
      "n_conversations": 40,
      "corrected_drift": {
        "per_conv_slopes": {
          "n": 40,
          "mean": 0.11893939393939386,
          "std": 0.10254639777964838,
          "t_stat": 7.335594355575836,
          "t_p": 7.450484453024562e-09,
          "wilcoxon_stat": 27.0,
          "wilcoxon_p": 9.78827338897543e-07,
          "slopes": [
            0.254545,
            0.127273,
            0.054545,
            0.115152,
            0.266667,
            -0.006061,
            0.0,
            -0.012121,
            0.181818,
            0.139394,
            0.0,
            0.048485,
            0.284848,
            0.218182,
            0.254545,
            0.218182,
            0.187879,
            0.0,
            0.2,
            0.054545,
            -0.006061,
            0.127273,
            -0.018182,
            0.024242,
            0.036364,
            0.109091,
            0.272727,
            0.109091,
            0.054545,
            0.090909,
            0.0,
            0.169697,
            0.139394,
            0.284848,
            0.139394,
            0.036364,
            0.157576,
            0.260606,
            -0.060606,
            0.242424
          ]
        },
        "lmm": {
          "intercept": 8.803283579098499e-18,
          "slope": 0.1189393939393944,
          "slope_z": 8.479383650032679,
          "slope_p": 2.263900145864643e-17,
          "n_obs": 400,
          "n_groups": 40,
          "converged": true
        }
      }
    },
    "focus": {
      "mean_rating": 7.862,
      "variance": 0.2643,
      "spearman_rho_vs_turn_POOLED": 0.149,
      "spearman_p_vs_turn_POOLED": 0.0028131468396823144,
      "n_conversations": 40,
      "corrected_drift": {
        "per_conv_slopes": {
          "n": 40,
          "mean": 0.03257575757575758,
          "std": 0.05281173740051939,
          "t_stat": 3.901162715539289,
          "t_p": 0.0003675729740347166,
          "wilcoxon_stat": 32.0,
          "wilcoxon_p": 0.0007445303792771449,
          "slopes": [
            0.0,
            0.0,
            0.072727,
            0.0,
            0.012121,
            0.163636,
            0.060606,
            0.0,
            0.109091,
            0.0,
            0.0,
            0.09697,
            0.0,
            0.151515,
            0.054545,
            0.0,
            -0.018182,
            0.0,
            -0.018182,
            -0.018182,
            0.0,
            0.0,
            0.0,
            0.072727,
            -0.042424,
            0.0,
            0.006061,
            0.109091,
            0.042424,
            0.036364,
            0.072727,
            0.0,
            0.006061,
            0.163636,
            0.054545,
            -0.018182,
            0.048485,
            0.0,
            0.084848,
            0.0
          ]
        },
        "lmm": {
          "intercept": 2.411090407014267e-18,
          "slope": 0.03257575757575809,
          "slope_z": 4.030455957189159,
          "slope_p": 5.566875963979432e-05,
          "n_obs": 400,
          "n_groups": 40,
          "converged": true
        }
      }
    },
    "impulsivity": {
      "mean_rating": 3.85,
      "variance": 1.0902,
      "spearman_rho_vs_turn_POOLED": -0.0022,
      "spearman_p_vs_turn_POOLED": 0.9656826304174726,
      "n_conversations": 40,
      "corrected_drift": {
        "per_conv_slopes": {
          "n": 40,
          "mean": 0.01030303030303035,
          "std": 0.1232020037344696,
          "t_stat": 0.5289044264171356,
          "t_p": 0.5998692665188494,
          "wilcoxon_stat": 361.0,
          "wilcoxon_p": 0.6856945198175914,
          "slopes": [
            -0.060606,
            -0.018182,
            0.193939,
            0.212121,
            -0.018182,
            0.163636,
            -0.139394,
            -0.090909,
            0.018182,
            -0.072727,
            -0.090909,
            0.09697,
            -0.066667,
            0.139394,
            -0.048485,
            0.0,
            -0.2,
            0.230303,
            -0.09697,
            0.024242,
            -0.054545,
            -0.066667,
            0.175758,
            -0.163636,
            -0.230303,
            0.127273,
            0.006061,
            0.018182,
            -0.066667,
            0.109091,
            -0.030303,
            -0.048485,
            0.109091,
            -0.175758,
            0.163636,
            0.260606,
            0.066667,
            -0.012121,
            -0.024242,
            0.072727
          ]
        },
        "lmm": {
          "intercept": 7.625774310556721e-19,
          "slope": 0.010303030303030425,
          "slope_z": 0.6053615903241785,