{
  "panel_id": "Fig_05_F",
  "title": "Probe Drift Across Sizes — Happy / Sad",
  "drift_stats": {
    "1B": {
      "drift_magnitude": 0.0403,
      "spearman_rho_vs_turn_POOLED": 0.2599,
      "spearman_p_POOLED": 1.3478973678052916e-07,
      "per_conv_drifts": [
        0.1459963321685791,
        -0.015046283602714539,
        0.07806125283241272,
        -0.04152105748653412,
        0.023230761289596558,
        -0.008154943585395813,
        0.004413917660713196,
        -0.018970966339111328,
        0.022480666637420654,
        0.10260932147502899,
        -0.05444619059562683,
        0.0453556627035141,
        0.004524976015090942,
        0.05849793553352356,
        0.04641149938106537,
        -0.03876122832298279,
        0.07048715651035309,
        0.07990425825119019,
        0.14425235986709595,
        0.0008490458130836487,
        0.04872030019760132,
        0.028080016374588013,
        -0.006236240267753601,
        0.11186445504426956,
        0.07135412096977234,
        0.03131195902824402,
        0.051671102643013,
        0.06960137188434601,
        0.002683863043785095,
        0.1805013120174408,
        0.05545557662844658,
        -0.013861268758773804,
        0.05992230772972107,
        0.03881704807281494,
        0.023737803101539612,
        -0.01730586588382721,
        -0.015028342604637146,
        -0.017010807991027832,
        0.1322275549173355,
        0.12598484754562378
      ],
      "corrected_drift": {
        "per_conv_slopes": {
          "n": 40,
          "mean": 0.005911794115478793,
          "std": 0.006049406240141243,
          "t_stat": 6.180684093868024,
          "t_p": 2.905945287232566e-07,
          "wilcoxon_stat": 58.0,
          "wilcoxon_p": 1.4608849596697837e-07,
          "slopes": [
            0.0135,
            -0.000276,
            0.008162,
            -0.001594,
            3.1e-05,
            -0.005766,
            -0.001316,
            0.001806,
            0.001701,
            0.014043,
            -0.00373,
            0.00604,
            4.8e-05,
            0.003429,
            0.005531,
            -0.002338,
            0.008007,
            0.006454,
            0.01144,
            0.003963,
            0.005841,
            0.006205,
            0.004613,
            0.013423,
            0.012876,
            0.006785,
            0.009705,
            0.011413,
            0.007749,
            0.025305,
            0.012767,
            0.000988,
            0.010175,
            0.005863,
            0.004812,
            0.001588,
            0.004493,
            0.002027,
            0.012331,
            0.008378
          ]
        },
        "lmm": {
          "intercept": 0.1541764425889894,
          "slope": 0.005911794115478789,
          "slope_z": 9.73682220951753,
          "slope_p": 2.1001931165172024e-22,
          "n_obs": 400,
          "n_groups": 40,
          "converged": true
        }
      }
    },
    "3B": {
      "drift_magnitude": 0.0708,
      "spearman_rho_vs_turn_POOLED": 0.1242,
      "spearman_p_POOLED": 0.012907057424307148,
      "per_conv_drifts": [
        0.05259370803833008,
        0.09323000907897949,
        -0.033594682812690735,
        0.027671679854393005,
        0.2046794295310974,
        0.09175552427768707,
        0.05584411323070526,
        -0.018325835466384888,
        0.05961483716964722,
        0.17687039077281952,
        0.03702270984649658,
        0.06672295928001404,
        0.050905048847198486,
        0.1143382340669632,
        0.17435111105442047,
        0.05858272314071655,
        -0.01338350772857666,
        0.13201408088207245,
        0.08935900032520294,
        0.17863202095031738,
        0.07085809111595154,
        0.1613015979528427,
        0.14820680022239685,
        0.13345149159431458,
        0.022701680660247803,
        0.11736249923706055,
        0.048845112323760986,
        0.11088210344314575,
        0.22421151399612427,
        0.031851381063461304,
        -0.072970449924469,
        0.05550995469093323,
        0.016529232263565063,
        0.1129455715417862,
        0.06528210639953613,
        0.01041141152381897,
        -0.03191618621349335,
        -0.06249764561653137,
        -0.05516749620437622,
        0.1260637640953064
      ],
      "corrected_drift": {
        "per_conv_slopes": {
          "n": 40,
          "mean": 0.0047947630466836835,
          "std": 0.007882171674749028,
          "t_stat": 3.8472575056699636,
          "t_p": 0.00043111938459864226,
          "wilcoxon_stat": 159.0,
          "wilcoxon_p": 0.0004794529413629789,
          "slopes": [
            0.005711,
            0.01114,
            -0.00102,
            0.001121,
            0.021309,
            0.009808,
            -0.002105,
            -0.005575,
            0.004562,
            0.014737,
            0.00125,
            0.003767,
            0.001672,
            0.012828,
            0.007503,
            0.002198,
            -0.001892,
            0.009643,
            0.001006,
            0.012209,
            0.003045,
            0.019375,
            0.011854,
            0.01778,
            -0.000552,
            0.004123,
            -0.002966,
            0.0107,
            0.019747,
            -0.000355,
            -0.011622,
            -0.006998,
            -0.000535,
            0.009037,
            0.012558,
            0.003092,
            -9.4e-05,
            0.000506,
            -0.007887,
            0.00111
          ]
        },
        "lmm": {
          "intercept": -0.22563397067288735,
          "slope": 0.004794763046683683,
          "slope_z": 6.45010248895117,
          "slope_p": 1.1177453695008461e-10,
          "n_obs": 400,
          "n_groups": 40,
          "converged": true
        }
      }
    },
    "8B": {
      "drift_magnitude": 0.1269,
      "spearman_rho_vs_turn_POOLED": 0.4104,
      "spearman_p_POOLED": 1.0976583084533424e-17,
      "per_conv_drifts": [
        0.1129535585641861,
        0.2534158229827881,
        0.08278894424438477,
        0.16878631711006165,
        -0.04205586016178131,
        0.17100831866264343,
        0.03757718205451965,
        0.17281009256839752,
        0.12469542026519775,
        0.14712759852409363,
        0.08694657683372498,
        0.1823054552078247,
        -0.015209093689918518,
        0.17659571766853333,
        0.13797375559806824,
        0.05802527070045471,
        0.11622461676597595,
        0.2841157913208008,
        0.09277099370956421,
        -0.011906296014785767,
        0.2307533621788025,
        0.43631434440612793,
        0.08083999156951904,
        0.08010983467102051,
        0.11790555715560913,
        0.14179618656635284,
        0.15134769678115845,
        0.16244259476661682,
        0.11779867112636566,
        0.0833941102027893,
        -0.08558192849159241,
        0.1944064497947693,
        0.1444372534751892,
        0.1290433406829834,
        0.1181088387966156,
        0.08507978916168213,
        0.11513271927833557,
        0.18000298738479614,
        0.10542614758014679,
        0.14895206689834595
      ],
      "corrected_drift": {
        "per_conv_slopes": {
          "n": 40,
          "mean": 0.013262023500195053,
          "std": 0.009361246930828201,
          "t_stat": 8.959960345706756,
          "t_p": 5.2146169289580857e-11,
          "wilcoxon_stat": 23.0,
          "wilcoxon_p": 1.1641532182693481e-09,