{
  "panel_id": "Fig_03_J",
  "title": "Self-Report Drift Magnitude vs. Alpha",
  "description": "Per-conversation self-report drift (last - first turn) summarized by steering alpha, with cluster-bootstrap 95% CIs and three trend tests stored in the corrected statistics.",
  "alpha_drift_stats": {
    "wellbeing": {
      "display_alphas": [
        -4.0,
        -2.0,
        -0.0,
        2.0,
        4.0
      ],
      "mean_drifts": [
        0.0962,
        0.156,
        0.1781,
        0.1774,
        0.2031
      ],
      "ci_low": [
        0.0088,
        0.0376,
        0.0641,
        0.0685,
        0.103
      ],
      "ci_high": [
        0.1844,
        0.2774,
        0.2986,
        0.2913,
        0.3012
      ],
      "n_conversations_per_alpha": {
        "-4.0": 40,
        "-2.0": 40,
        "-0.0": 40,
        "2.0": 40,
        "4.0": 40
      },
      "corrected_alpha_drift": {
        "method1_alpha_means": {
          "alphas": [
            -4.0,
            -2.0,
            -0.0,
            2.0,
            4.0
          ],
          "means": [
            0.09623578705788367,
            0.15599181065513076,
            0.1781077361061192,
            0.17739242951613163,
            0.20308667618051307
          ],
          "spearman_rho": 0.9,
          "exact_permutation_p": 0.08333333333333333,
          "n": 5
        },
        "method2_lmm": {
          "slope": 0.011755119855312983,
          "slope_z": 4.596568212985935,
          "slope_p": 4.295064038051624e-06,
          "n_obs": 200,
          "n_groups": 40,
          "converged": true
        },
        "method3_per_conv_slopes": {
          "n": 40,
          "mean": 0.011755119855312985,
          "std": 0.02562675422269258,
          "t_stat": 2.901105039524765,
          "t_p": 0.006083561841547968,
          "wilcoxon_stat": 189.0,
          "wilcoxon_p": 0.002392230499026482
        }
      }
    },
    "interest": {
      "display_alphas": [
        -4.0,
        -2.0,
        0.0,
        2.0,
        4.0
      ],
      "mean_drifts": [
        0.9573,
        1.241,
        1.1801,
        0.6488,
        0.3044
      ],
      "ci_low": [
        0.8164,
        1.0984,
        1.0559,
        0.5353,
        0.2546
      ],
      "ci_high": [
        1.0978,
        1.3848,
        1.3166,
        0.7888,
        0.3583
      ],
      "n_conversations_per_alpha": {
        "-4.0": 40,
        "-2.0": 40,
        "0.0": 40,
        "2.0": 40,
        "4.0": 40
      },
      "corrected_alpha_drift": {
        "method1_alpha_means": {
          "alphas": [
            -4.0,
            -2.0,
            0.0,
            2.0,
            4.0
          ],
          "means": [
            0.9573362625463098,
            1.241030295906359,
            1.180142451291178,
            0.6487765332700959,
            0.30442473503377493
          ],
          "spearman_rho": -0.7,
          "exact_permutation_p": 0.23333333333333334,
          "n": 5
        },
        "method2_lmm": {
          "error": "Singular matrix"
        },
        "method3_per_conv_slopes": {
          "n": 40,
          "mean": -0.09490384088306668,
          "std": 0.0531786502793642,
          "t_stat": -11.286946709332105,
          "t_p": 7.446405484899463e-14,
          "wilcoxon_stat": 3.0,
          "wilcoxon_p": 9.094947017729282e-12
        }
      }
    },
    "focus": {
      "display_alphas": [
        -4.0,
        -2.0,
        0.0,
        2.0,
        4.0
      ],
      "mean_drifts": [
        0.7946,
        1.1693,
        0.4344,
        0.1772,
        0.1979
      ],
      "ci_low": [
        0.6927,
        1.0278,
        0.3245,
        0.1251,
        0.1519
      ],
      "ci_high": [
        0.9026,
        1.2994,
        0.5461,
        0.2343,
        0.248
      ],
      "n_conversations_per_alpha": {
        "-4.0": 40,
        "-2.0": 40,
        "0.0": 40,
        "2.0": 40,
        "4.0": 40
      },
      "corrected_alpha_drift": {
        "method1_alpha_means": {
          "alphas": [
            -4.0,
            -2.0,
            0.0,
            2.0,
            4.0
          ],
          "means": [
            0.7945551344144361,
            1.1693190221956018,
            0.43442242605285325,
            0.1771792111322929,
            0.19786499954952713
          ],
          "spearman_rho": -0.8,
          "exact_permutation_p": 0.13333333333333333,
          "n": 5
        },
        "method2_lmm": {
          "error": "Singular matrix"
        },
        "method3_per_conv_slopes": {
          "n": 40,
          "mean": -0.1092760040396564,
          "std": 0.05817725720604148,
          "t_stat": -11.879592918697785,
          "t_p": 1.5696649157741787e-14,
          "wilcoxon_stat": 2.0,
          "wilcoxon_p": 5.4569682106375694e-12
        }
      }
    },
    "impulsivity": {
      "display_alphas": [
        -4.0,
        -2.0,
        -0.0,
        2.0,
        4.0
      ],
      "mean_drifts": [
        -0.1245,
        -0.1564,
        -0.2008,
        -0.27,
        -0.3521
      ],
      "ci_low": [
        -0.1914,
        -0.2269,
        -0.2757,
        -0.3584,
        -0.4392
      ],
      "ci_high": [
        -0.0541,
        -0.0832,
        -0.1211,
        -0.1799,
        -0.2655
      ],
      "n_conversations_per_alpha": {
        "-4.0": 40,
        "-2.0": 40,
        "-0.0": 40,
        "2.0": 40,
        "4.0": 40
      },
      "corrected_alpha_drift": {
        "method1_alpha_means": {
          "alphas": [
            -4.0,
            -2.0,
            -0.0,
            2.0,
            4.0
          ],
          "means": [
            -0.12452953089383442,
            -0.15640597348608948,
            -0.20078531889578088,
            -0.2699799653240189,
            -0.35210391864423257
          ],
          "spearman_rho": -1.0,
          "exact_permutation_p": 0.016666666666666666,
          "n": 5
        },
        "method2_lmm": {
          "slope": -0.028436138366936287,
          "slope_z": -15.289988307792864,
          "slope_p": 8.91661546092942e-53,
          "n_obs": 200,
          "n_groups": 40,
          "converged": true
        },
        "method3_per_conv_slopes": {
          "n": 40,
          "mean": -0.028436138366936294,
          "std": 0.020604057986875493,
          "t_stat": -8.728665504290397,
          "t_p": 1.0382771292311194e-10,
          "wilcoxon_stat": 8.0,
          "wilcoxon_p": 4.547473508864641e-11
        }
      }
    }
  }
}