{
  "panel_id": "Fig_03_CDiii",
  "title": "Within-Conversation Introspection Change Over Turns",
  "description": "Tests whether introspection quality changes monotonically across turns within each conversation (α=0). Three methods: (1) Per-conversation Spearman ρ(turn, concordance) where concordance = z(probe) × z(rating), then one-sample t-test of 40 ρ values against 0. (2) Per-conversation Spearman ρ(turn, |z_probe − z_rating|) as a residual measure (negative = improving agreement). (3) LMM: logit_rating ~ probe × turn + (1|conversation), where the interaction term tests whether the probe-rating relationship changes with turn.",
  "cdiii_stats": {
    "wellbeing": {
      "n_conversations": 40,
      "polarity_flip_applied": true,
      "concordance_rho_ttest": {
        "n": 40,
        "mean": 0.11545454545454543,
        "std": 0.3072034330586821,
        "t_stat": 2.376922199212939,
        "t_p": 0.02246042251727294,
        "wilcoxon_stat": 217.5,
        "wilcoxon_p": 0.00899504264089046
      },
      "concordance_rho_mean": 0.1155,
      "concordance_rho_std": 0.3033,
      "concordance_rho_values": [
        -0.6606,
        0.0545,
        0.4667,
        -0.0909,
        0.297,
        0.2121,
        0.3697,
        -0.2485,
        0.4182,
        0.3939,
        0.2606,
        0.0303,
        0.2364,
        -0.297,
        0.0061,
        0.2848,
        -0.0182,
        -0.2364,
        -0.2606,
        0.1758,
        0.4545,
        0.4424,
        0.503,
        0.1515,
        0.2242,
        0.0667,
        -0.1636,
        0.2,
        0.2606,
        0.3455,
        0.0182,
        -0.1515,
        0.1636,
        0.1758,
        0.1758,
        0.7333,
        -0.7333,
        0.0545,
        0.4788,
        -0.1758
      ],
      "residual_rho_ttest": {
        "n": 40,
        "mean": -0.15,
        "std": 0.3055520558212696,
        "t_stat": -3.1048172642812757,
        "t_p": 0.003538377655382777,
        "wilcoxon_stat": 196.0,
        "wilcoxon_p": 0.0033575435081729665
      },
      "residual_rho_mean": -0.15,
      "lmm_interaction_test": {
        "interaction_coef": 0.082001,
        "interaction_p": 0.001512,
        "probe_coef": 1.9659,
        "probe_p": 5.7709244560969695e-28,
        "turn_coef": 0.016977,
        "turn_p": 3.86557865656645e-09,
        "n_obs": 400,
        "n_groups": 40,
        "converged": true,
        "interpretation": "Positive interaction means probe-rating relationship strengthens over turns; negative means it weakens."
      }
    },
    "interest": {
      "n_conversations": 40,
      "polarity_flip_applied": false,
      "concordance_rho_ttest": {
        "n": 40,
        "mean": -0.07272727272727272,
        "std": 0.3125226558150354,
        "t_stat": -1.4717898082022063,
        "t_p": 0.14910178434505314,
        "wilcoxon_stat": 309.5,
        "wilcoxon_p": 0.17869641572360706
      },
      "concordance_rho_mean": -0.0727,
      "concordance_rho_std": 0.3086,
      "concordance_rho_values": [
        -0.0788,
        0.3455,
        -0.3455,
        -0.3697,
        -0.1394,
        0.297,
        -0.103,
        -0.5879,
        0.0303,
        0.2121,
        -0.2727,
        0.1879,
        -0.1515,
        -0.5758,
        0.0788,
        -0.4061,
        0.1758,
        -0.6242,
        -0.1515,
        0.1394,
        0.0667,
        0.0788,
        -0.6606,
        0.0182,
        -0.4303,
        0.0667,
        -0.1758,
        0.2727,
        -0.2606,
        -0.3212,
        -0.297,
        0.2606,
        0.7212,
        0.0303,
        0.0424,
        0.2485,
        -0.4424,
        -0.1879,
        0.3818,
        0.0182
      ],
      "residual_rho_ttest": {
        "n": 40,
        "mean": -0.143030303030303,
        "std": 0.25259473791487314,
        "t_stat": -3.5812427110201397,
        "t_p": 0.0009357923944716507,
        "wilcoxon_stat": 179.0,
        "wilcoxon_p": 0.001440798383555375
      },
      "residual_rho_mean": -0.143,
      "lmm_interaction_test": {
        "interaction_coef": -0.444478,
        "interaction_p": 0.0,
        "probe_coef": 4.1132,
        "probe_p": 2.8188772091050477e-42,
        "turn_coef": 0.075907,
        "turn_p": 9.835045872801985e-77,
        "n_obs": 400,
        "n_groups": 40,
        "converged": true,
        "interpretation": "Positive interaction means probe-rating relationship strengthens over turns; negative means it weakens."
      }
    },
    "focus": {
      "n_conversations": 40,
      "polarity_flip_applied": false,
      "concordance_rho_ttest": {
        "n": 40,
        "mean": 0.11757575757575756,
        "std": 0.3579372094896362,
        "t_stat": 2.077499526184112,
        "t_p": 0.04438698080081379,
        "wilcoxon_stat": 264.0,
        "wilcoxon_p": 0.049760567819248536
      },
      "concordance_rho_mean": 0.1176,
      "concordance_rho_std": 0.3534,
      "concordance_rho_values": [
        0.4182,
        0.3091,
        -0.5636,
        -0.2848,
        -0.0909,
        -0.0182,
        0.4424,
        0.4788,
        0.5636,
        0.2848,
        0.7212,
        -0.2121,
        0.297,
        -0.2848,
        0.2242,
        -0.4788,
        -0.4061,
        0.697,
        -0.4788,
        0.4788,
        -0.3697,
        -0.1515,
        0.7697,
        0.4061,
        0.0182,
        0.503,
        0.2364,
        0.3333,
        -0.1758,
        -0.0424,
        0.1394,
        0.2,
        0.4061,
        -0.1758,
        -0.0667,
        0.3091,
        0.103,
        -0.1758,
        0.3939,
        -0.0545
      ],
      "residual_rho_ttest": {
        "n": 40,
        "mean": -0.23393939393939395,
        "std": 0.35238966319108916,
        "t_stat": -4.198655049008726,
        "t_p": 0.00015051636853743528,
        "wilcoxon_stat": 147.0,
        "wilcoxon_p": 0.00023327588314714376
      },
      "residual_rho_mean": -0.2339,
      "lmm_interaction_test": {
        "interaction_coef": -0.582266,
        "interaction_p": 6e-06,
        "probe_coef": 0.7322,
        "probe_p": 0.19250437314725344,
        "turn_coef": 0.042364,
        "turn_p": 1.3341039760845724e-45,
        "n_obs": 400,
        "n_groups": 40,
        "converged": true,
        "interpretation": "Positive interaction means probe-rating relationship strengthens over turns; negative means it weakens."
      }
    },
    "impulsivity": {
      "n_conversations": 40,
      "polarity_flip_applied": true,
      "concordance_rho_ttest": {
        "n": 40,
        "mean": -0.06242424242424242,
        "std": 0.39686131725738744,
        "t_stat": -0.9948199972490134,
        "t_p": 0.3259563761097597,
        "wilcoxon_stat": 336.5,
        "wilcoxon_p": 0.32689447529082827
      },
      "concordance_rho_mean": -0.0624,
      "concordance_rho_std": 0.3919,
      "concordance_rho_values": [
        -0.5273,
        -0.2364,
        0.3576,
        -0.4182,
        0.3333,
        0.1879,
        -0.2242,
        0.1273,
        -0.2121,
        -0.2121,
        -0.5515,
        0.1515,
        -0.0545,
        0.503,
        -0.1636,
        0.2242,
        0.5152,
        0.0061,
        0.1879,
        0.4182,
        -0.0667,
        -0.7091,
        -0.1636,
        -0.8545,
        0.0788,
        -0.5273,
        -0.4788,
        0.4424,
        0.4303,
        0.2848,
        -0.0182,
        -0.297,
        0.6606,
        0.4424,
        -0.5273,
        -0.3333,
        -0.7333,
        -0.1758,
        -0.5273,
        0.1636
      ],
      "residual_rho_ttest": {
        "n": 40,
        "mean": -0.06757575757575755,
        "std": 0.30827947789429955,
        "t_stat": -1.3863609086819704,
        "t_p": 0.1735118528756759,
        "wilcoxon_stat": 312.0,
        "wilcoxon_p": 0.19219595044887683
      },
      "residual_rho_mean": -0.0676,
      "lmm_interaction_test": {
        "interaction_coef": -0.122375,
        "interaction_p": 0.003741,
        "probe_coef": 1.9853,