{
  "best_d": 2.5014147758483887,
  "best_layer": 2,
  "best_p": 1.1962751678140648e-08,
  "n_eval": 12,
  "n_train": 24,
  "n_train_neg": 24,
  "n_train_pos": 24,
  "num_layers": 28,
  "proj_std_best_layer": 0.03951334208250046,
  "train_prompt_mode": "shared"
}