{
  "panel_id": "App_Fig_05_B",
  "title": "Self-Report vs Alpha Curves + Rho Heatmap",
  "description": "Left 3 panels: logit self-report vs display-corrected alpha per concept per model size. Right: heatmap of Spearman ρ between alpha and logit rating (* = p<0.05 by exact permutation). Three corrected p-value matrices included.",
  "per_size_stats": {
    "1B": {
      "wellbeing": {
        "display_alphas": [
          -4.0,
          -2.0,
          -0.0,
          2.0,
          4.0
        ],
        "mean_ratings": [
          3.2474,
          4.3784,
          6.8946,
          7.3154,
          6.6618
        ],
        "spearman_rho_alpha_rating": 0.7274,
        "spearman_p_POOLED": 0.0,
        "corrected_steering": {
          "method1_alpha_means": {
            "alphas": [
              -4.0,
              -2.0,
              -0.0,
              2.0,
              4.0
            ],
            "means": [
              3.247420283326142,
              4.378371694519733,
              6.894566005151745,
              7.315423148547166,
              6.661847691506797
            ],
            "spearman_rho": 0.7,
            "exact_permutation_p": 0.23333333333333334,
            "n": 5
          },
          "method2_lmm": {
            "slope": 0.4882953135194373,
            "slope_z": 53.38316277008805,
            "slope_p": 0.0,
            "n_obs": 2000,
            "n_groups": 40,
            "converged": true
          },
          "method3_per_conv_slopes": {
            "n": 40,
            "mean": 0.48829531351943734,
            "std": 0.09463489514748709,
            "t_stat": 32.63331901199732,
            "t_p": 6.3011554722558676e-30,
            "wilcoxon_stat": 0.0,
            "wilcoxon_p": 1.8189894035458565e-12
          }
        }
      },
      "interest": {
        "display_alphas": [
          -4.0,
          -2.0,
          0.0,
          2.0,
          4.0
        ],
        "mean_ratings": [
          2.0799,
          5.5659,
          7.6804,
          7.8911,
          2.1535
        ],
        "spearman_rho_alpha_rating": 0.1962,
        "spearman_p_POOLED": 8.422866556797393e-19,
        "corrected_steering": {
          "method1_alpha_means": {
            "alphas": [
              -4.0,
              -2.0,
              0.0,
              2.0,
              4.0
            ],
            "means": [
              2.0799291128278776,
              5.565944448823773,
              7.680448630400179,
              7.891142298756193,
              2.15353697488002
            ],
            "spearman_rho": 0.4,
            "exact_permutation_p": 0.5166666666666667,
            "n": 5
          },
          "method2_lmm": {
            "slope": 0.12362067870183534,
            "slope_z": 5.777955200855532,
            "slope_p": 7.561393391818157e-09,
            "n_obs": 2000,
            "n_groups": 40,
            "converged": true
          },
          "method3_per_conv_slopes": {
            "n": 40,
            "mean": 0.12362067870183538,
            "std": 0.0744705710539932,
            "t_stat": 10.498721979994949,
            "t_p": 6.334094770799414e-13,
            "wilcoxon_stat": 16.0,
            "wilcoxon_p": 3.0740920919924974e-10
          }
        }
      },
      "focus": {
        "display_alphas": [
          -4.0,
          -2.0,
          0.0,
          2.0,
          4.0
        ],
        "mean_ratings": [
          6.3824,
          7.8083,
          6.7825,
          5.7897,
          1.2255
        ],
        "spearman_rho_alpha_rating": -0.6388,
        "spearman_p_POOLED": 9.105964052627752e-230,
        "corrected_steering": {
          "method1_alpha_means": {
            "alphas": [
              -4.0,
              -2.0,
              0.0,
              2.0,
              4.0
            ],
            "means": [
              6.382388247926071,
              7.80829432987747,
              6.7825036956036024,
              5.789703995022726,
              1.225502210367607
            ],
            "spearman_rho": -0.7,
            "exact_permutation_p": 0.23333333333333334,
            "n": 5
          },
          "method2_lmm": {
            "slope": -0.6166181204985838,
            "slope_z": -48.6220760072626,
            "slope_p": 0.0,
            "n_obs": 2000,
            "n_groups": 40,
            "converged": true
          },
          "method3_per_conv_slopes": {
            "n": 40,
            "mean": -0.6166181204985838,
            "std": 0.06855125139882928,
            "t_stat": -56.88933950929993,
            "t_p": 3.8389340202600784e-39,
            "wilcoxon_stat": 0.0,
            "wilcoxon_p": 1.8189894035458565e-12
          }
        }
      },
      "impulsivity": {
        "display_alphas": [
          -4.0,
          -2.0,
          -0.0,
          2.0,
          4.0
        ],
        "mean_ratings": [
          6.7143,
          6.6193,
          6.3946,
          6.5036,
          7.7534
        ],
        "spearman_rho_alpha_rating": 0.3397,
        "spearman_p_POOLED": 3.3495454578314846e-55,
        "corrected_steering": {
          "method1_alpha_means": {
            "alphas": [
              -4.0,
              -2.0,
              -0.0,
              2.0,
              4.0
            ],
            "means": [
              6.714348231156798,
              6.619333321923333,
              6.394603200339287,
              6.5035567864331485,
              7.753396248132033
            ],
            "spearman_rho": 0.1,
            "exact_permutation_p": 0.95,
            "n": 5
          },
          "method2_lmm": {
            "slope": 0.0981159749230142,
            "slope_z": 13.5547372765667,
            "slope_p": 7.427761504228828e-42,
            "n_obs": 2000,
            "n_groups": 40,
            "converged": true
          },
          "method3_per_conv_slopes": {
            "n": 40,
            "mean": 0.09811597492301423,
            "std": 0.09733565554387766,
            "t_stat": 6.375257943679705,
            "t_p": 1.5607489018528515e-07,
            "wilcoxon_stat": 71.0,
            "wilcoxon_p": 5.841629899805412e-07
          }
        }
      }
    },
    "3B": {
      "wellbeing": {
        "display_alphas": [
          -4.0,
          -2.0,
          -0.0,
          2.0,
          4.0
        ],
        "mean_ratings": [
          5.282,
          5.7588,
          6.2129,
          6.5216,
          6.7545
        ],
        "spearman_rho_alpha_rating": 0.8038,
        "spearman_p_POOLED": 0.0,
        "corrected_steering": {
          "method1_alpha_means": {
            "alphas": [
              -4.0,
              -2.0,
              -0.0,
              2.0,
              4.0
            ],
            "means": [
              5.2820493212268165,
              5.758826989536114,
              6.212859417770168,
              6.52157158316277,
              6.754499329784795
            ],
            "spearman_rho": 1.0,
            "exact_permutation_p": 0.016666666666666666,
            "n": 5
          },
          "method2_lmm": {
            "slope": 0.18538223053713063,
            "slope_z": 101.40736433094244,
            "slope_p": 0.0,
            "n_obs": 2000,
            "n_groups": 40,
            "converged": true
          },
          "method3_per_conv_slopes": {
            "n": 40,
            "mean": 0.18538223053713074,
            "std": 0.024588225149926823,
            "t_stat": 47.683806589960206,
            "t_p": 3.407240629028888e-36,
            "wilcoxon_stat": 0.0,
            "wilcoxon_p": 1.8189894035458565e-12
          }
        }
      },
      "interest": {
        "display_alphas": [
          -4.0,
          -2.0,
          0.0,
          2.0,
          4.0
        ],
        "mean_ratings": [
          5.8872,
          6.4033,
          7.0188,
          7.5777,
          7.9462
        ],
        "spearman_rho_alpha_rating": 0.8079,