{
  "panel_id": "Fig_05_B",
  "title": "Spearman ρ vs. Model Size",
  "description": "Spearman ρ at alpha=0 (polarity-corrected for FLIP concepts). Rho flipped for sad_vs_happy & impulsive_vs_planning.",
  "per_concept": {
    "wellbeing": {
      "per_size": {
        "1B": 0.4843,
        "3B": 0.6591,
        "8B": 0.9335
      },
      "size_trend": {
        "x_log_size": [
          0.0,
          1.0986122886681098,
          2.0794415416798357
        ],
        "y_values": [
          0.48433877711735696,
          0.6591080569253557,
          0.9335141469634184
        ],
        "ols": {
          "slope": 0.21487323662143176,
          "intercept": 0.46469408944070983,
          "pearson_r": 0.9872167918795115,
          "pearson_p": 0.10190107800803401,
          "stderr": 0.03469064268861934,
          "r_squared": 0.9745969941688747,
          "n": 3
        },
        "exact_permutation": {
          "slope": 0.21487323662143176,
          "intercept": 0.46469408944070983,
          "pearson_r": 0.9872167918795115,
          "pearson_p": 0.10190107800803401,
          "stderr": 0.03469064268861934,
          "r_squared": 0.9745969941688747,
          "n": 3,
          "exact_permutation_p": 0.16666666666666666
        }
      }
    },
    "interest": {
      "per_size": {
        "1B": 0.193,
        "3B": 0.7953,
        "8B": 0.958
      },
      "size_trend": {
        "x_log_size": [
          0.0,
          1.0986122886681098,
          2.0794415416798357
        ],
        "y_values": [
          0.19301595634972718,
          0.7952535953349708,
          0.9579521122007013
        ],
        "ols": {
          "slope": 0.37145014611538835,
          "intercept": 0.2552443680800285,
          "pearson_r": 0.9589174751662045,
          "pearson_p": 0.1831141212522549,
          "stderr": 0.10988943331394327,
          "r_squared": 0.9195227241791285,
          "n": 3
        },
        "exact_permutation": {
          "slope": 0.37145014611538835,
          "intercept": 0.2552443680800285,
          "pearson_r": 0.9589174751662045,
          "pearson_p": 0.1831141212522549,
          "stderr": 0.10988943331394327,
          "r_squared": 0.9195227241791285,
          "n": 3,
          "exact_permutation_p": 0.16666666666666666
        }
      }
    },
    "focus": {
      "per_size": {
        "1B": -0.084,
        "3B": 0.2742,
        "8B": -0.2317
      },
      "size_trend": {
        "x_log_size": [
          0.0,
          1.0986122886681098,
          2.0794415416798357
        ],
        "y_values": [
          -0.08399546247164044,
          0.27419758873492955,
          -0.23169032306451912
        ],
        "ols": {
          "slope": -0.06311318568780448,
          "intercept": 0.05302963490645272,
          "pearson_r": -0.25238345329613,
          "pearson_p": 0.8375711376173667,
          "stderr": 0.24197323830031908,
          "r_squared": 0.06369740749767983,
          "n": 3
        },
        "exact_permutation": {
          "slope": -0.06311318568780448,
          "intercept": 0.05302963490645272,
          "pearson_r": -0.25238345329613,
          "pearson_p": 0.8375711376173667,
          "stderr": 0.24197323830031908,
          "r_squared": 0.06369740749767983,
          "n": 3,
          "exact_permutation_p": 0.6666666666666666
        }
      }
    },
    "impulsivity": {
      "per_size": {
        "1B": 0.2129,
        "3B": 0.5233,
        "8B": 0.0672
      },
      "size_trend": {
        "x_log_size": [
          0.0,
          1.0986122886681098,
          2.0794415416798357
        ],
        "y_values": [
          0.21286820542628387,
          0.5233043331520821,
          0.06717379483621772
        ],
        "ols": {
          "slope": -0.0630366479840742,
          "intercept": 0.33456006466422195,
          "pearson_r": -0.2814753284792126,
          "pearson_p": 0.8183524814624261,
          "stderr": 0.21489620381979874,
          "r_squared": 0.07922836054248063,
          "n": 3
        },
        "exact_permutation": {
          "slope": -0.0630366479840742,
          "intercept": 0.33456006466422195,
          "pearson_r": -0.2814753284792126,
          "pearson_p": 0.8183524814624261,
          "stderr": 0.21489620381979874,
          "r_squared": 0.07922836054248063,
          "n": 3,
          "exact_permutation_p": 0.6666666666666666
        }
      }
    }
  }
}