{
  "panel_id": "Fig_05_E",
  "title": "Mean R² by Size",
  "description": "Mean isotonic R² across concept-model pairs with sign-validated steering effects (ρ(α, self-report) > 0).",
  "validated_r2": {
    "1B": [
      0.2587,
      0.0527,
      0.0463
    ],
    "3B": [
      0.452,
      0.6572,
      0.0371,
      0.3304
    ],
    "8B": [
      0.9022,
      0.9313,
      0.0073
    ]
  },
  "means": [
    0.1192,
    0.3692,
    0.6136
  ],
  "ci_95_low": [
    0.0463,
    0.1408,
    0.0073
  ],
  "ci_95_high": [
    0.2587,
    0.5755,
    0.9313
  ],
  "size_trend_bootstrap": {
    "sizes": [
      "1B",
      "3B",
      "8B"
    ],
    "x_log_size": [
      0.0,
      1.0986122886681098,
      2.0794415416798357
    ],
    "mean_by_size": {
      "1B": 0.11922192993820042,
      "3B": 0.3691685812008087,
      "8B": 0.6135778208338358
    },
    "observed_slope": 0.2375311863183284,
    "bootstrap_slope_mean": 0.23719489357159879,
    "bootstrap_slope_ci_95": [
      -0.04531073187566788,
      0.41753041790921647
    ],
    "one_sided_p": 0.0362963703629637,
    "two_sided_p": 0.0725927407259274,
    "n_bootstrap": 10000
  },
  "pairwise_bootstrap_tests": {
    "1B_vs_3B": {
      "mean_diff_b_minus_a": 0.2499466512626083,
      "ci_95": [
        -0.00628949711744331,
        0.4779401425878105
      ],
      "p_two_sided": 0.059194080591940805,
      "n_bootstrap": 10000,
      "n_a": 3,
      "n_b": 4
    },
    "3B_vs_8B": {
      "mean_diff_b_minus_a": 0.24440923963302713,
      "ci_95": [
        -0.3106085919277589,
        0.7074454622024727
      ],
      "p_two_sided": 0.38776122387761225,
      "n_bootstrap": 10000,
      "n_a": 4,
      "n_b": 3
    },
    "1B_vs_8B": {
      "mean_diff_b_minus_a": 0.4943558908956354,
      "ci_95": [
        -0.109824970954764,
        0.8731895531914979
      ],
      "p_two_sided": 0.07839216078392161,
      "n_bootstrap": 10000,
      "n_a": 3,
      "n_b": 3
    }
  }
}