{
  "panel_id": "App_Fig_03_C",
  "title": "Self-Report Drift Under Steering - Happy / Sad",
  "description": "Mean logit self-report across turns for different steering alphas (display-corrected for polarity). Drift Spearman ρ indicates temporal trend at each alpha level.",
  "concept": "sad_vs_happy",
  "alpha_display_flipped": true,
  "drift_by_alpha": {
    "-4.0": {
      "display_alpha": 4.0,
      "means": [
        6.7696,
        6.7568,
        6.8072,
        6.8493,
        6.8863,
        6.8608,
        6.8606,
        6.9121,
        6.9561,
        6.9727
      ],
      "ci_low": [
        6.6681,
        6.6253,
        6.672,
        6.7392,
        6.7863,
        6.7533,
        6.7449,
        6.7967,
        6.8322,
        6.8308
      ],
      "ci_high": [
        6.8614,
        6.8729,
        6.9208,
        6.9494,
        6.9728,
        6.9607,
        6.9622,
        7.0173,
        7.0709,
        7.0929
      ],
      "drift_spearman_rho_POOLED": 0.2249,
      "drift_spearman_p_POOLED": 5.583491563440174e-06,
      "drift_magnitude": 0.2031,
      "corrected_drift": {
        "per_conv_slopes": {
          "n": 40,
          "mean": 0.022761204564091742,
          "std": 0.035573047654613374,
          "t_stat": 4.0467293896431356,
          "t_p": 0.00023808448083266736,
          "wilcoxon_stat": 142.0,
          "wilcoxon_p": 0.00017029843002092093,
          "slopes": [
            0.028633,
            0.058872,
            0.038488,
            0.026109,
            0.078328,
            0.048318,
            0.010913,
            0.019369,
            -0.068145,
            0.028169,
            -0.000479,
            -0.048699,
            -0.032194,
            0.037066,
            0.057868,
            0.038712,
            -0.008743,
            0.061462,
            0.080401,
            0.00759,
            -0.004745,
            0.02813,
            -0.027903,
            0.089174,
            0.003424,
            0.018676,
            0.021358,
            0.024742,
            0.106735,
            0.043392,
            0.013905,
            0.008622,
            -0.001422,
            0.038217,
            0.032107,
            0.030791,
            0.014926,
            0.028306,
            -0.005708,
            -0.014315
          ]
        },
        "lmm": {
          "intercept": 6.737960937253709,
          "slope": 0.022761204564091576,
          "slope_z": 7.844814837648087,
          "slope_p": 4.335927718005852e-15,
          "n_obs": 400,
          "n_groups": 40,
          "converged": true
        }
      }
    },
    "-2.0": {
      "display_alpha": 2.0,
      "means": [
        6.5595,
        6.5303,
        6.5905,
        6.642,
        6.6624,
        6.6378,
        6.6372,
        6.6687,
        6.7098,
        6.7368
      ],
      "ci_low": [
        6.4456,
        6.3844,
        6.4485,
        6.5176,
        6.5472,
        6.5121,
        6.5123,
        6.5388,
        6.5704,
        6.5868
      ],
      "ci_high": [
        6.6636,
        6.6576,
        6.7127,
        6.7537,
        6.7604,
        6.7468,
        6.7432,
        6.7851,
        6.839,
        6.8697
      ],
      "drift_spearman_rho_POOLED": 0.1627,
      "drift_spearman_p_POOLED": 0.0010926296971118794,
      "drift_magnitude": 0.1774,
      "corrected_drift": {
        "per_conv_slopes": {
          "n": 40,
          "mean": 0.019425384020862614,
          "std": 0.038245942985859156,
          "t_stat": 3.2122862261274547,
          "t_p": 0.0026403821823017086,
          "wilcoxon_stat": 187.0,
          "wilcoxon_p": 0.0021662512626789976,
          "slopes": [
            0.023481,
            0.063735,
            0.044815,
            0.03112,
            0.077563,
            0.04741,
            -0.003825,
            0.006607,
            -0.067179,
            0.035968,
            -0.005679,
            -0.04965,
            -0.041232,
            0.035411,
            0.051799,
            0.041099,
            -0.010677,
            0.063088,
            0.078506,
            0.014586,
            0.001494,
            0.029489,
            -0.026647,
            0.080061,
            -0.004686,
            0.009462,
            0.032322,
            0.011731,
            0.121001,
            0.025423,
            -0.005455,
            0.006017,
            -0.019645,
            0.044678,
            0.030423,
            0.020587,
            0.010165,
            0.022005,
            -0.023357,
            -0.024999
          ]
        },
        "lmm": {
          "intercept": 6.530662361100711,
          "slope": 0.01942538402086247,
          "slope_z": 6.261939877653729,
          "slope_p": 3.80217541793387e-10,
          "n_obs": 400,
          "n_groups": 40,
          "converged": true
        }
      }
    },
    "0.0": {
      "display_alpha": -0.0,
      "means": [
        6.2386,
        6.2351,
        6.3058,
        6.3595,
        6.3707,
        6.3309,
        6.3219,
        6.3527,
        6.3884,
        6.4167
      ],
      "ci_low": [
        6.1168,
        6.0896,
        6.1585,
        6.224,
        6.2442,
        6.1838,
        6.1904,
        6.2163,
        6.2375,
        6.2575
      ],
      "ci_high": [
        6.3449,
        6.3623,
        6.4354,
        6.4773,
        6.4831,
        6.4558,
        6.4366,
        6.4791,
        6.535,
        6.5569
      ],
      "drift_spearman_rho_POOLED": 0.1198,
      "drift_spearman_p_POOLED": 0.01649082830537667,
      "drift_magnitude": 0.1781,
      "corrected_drift": {
        "per_conv_slopes": {
          "n": 40,
          "mean": 0.016714110135401312,
          "std": 0.03950904459907111,
          "t_stat": 2.6755725240704056,
          "t_p": 0.010848990891079255,
          "wilcoxon_stat": 232.0,
          "wilcoxon_p": 0.015876221947110025,
          "slopes": [
            0.019934,
            0.059207,
            0.041092,
            0.026574,
            0.067716,
            0.038713,
            -0.010161,
            -0.002581,
            -0.05409,
            0.046287,
            -0.009725,
            -0.047759,
            -0.053039,
            0.028156,
            0.048281,
            0.049713,
            0.004129,
            0.061216,
            0.086026,
            0.021452,
            -0.004384,
            0.03395,
            -0.016638,
            0.060913,
            -0.010317,
            0.005792,
            0.03574,
            0.005886,
            0.128702,
            0.000823,
            -0.029642,
            -0.00165,
            -0.035188,
            0.052961,
            0.040239,
            0.009851,
            0.009016,
            0.020433,
            -0.026093,
            -0.032973
          ]
        },
        "lmm": {
          "intercept": 6.240085950136316,
          "slope": 0.016714110135401337,
          "slope_z": 5.119823227262846,
          "slope_p": 3.058221847170735e-07,
          "n_obs": 400,
          "n_groups": 40,
          "converged": true
        }
      }
    },
    "2.0": {
      "display_alpha": -2.0,
      "means": [
        5.7912,
        5.7917,
        5.8795,
        5.9353,
        5.9259,
        5.8927,
        5.8632,
        5.8822,
        5.9177,
        5.9471
      ],
      "ci_low": [
        5.6675,
        5.66,
        5.7423,
        5.8038,
        5.8034,
        5.7534,
        5.7381,
        5.7514,
        5.7719,
        5.7948
      ],
      "ci_high": [
        5.9052,
        5.9103,
        6.0023,
        6.0462,
        6.0338,
        6.0137,
        5.9778,
        6.0014,
        6.0585,
        6.0786
      ],
      "drift_spearman_rho_POOLED": 0.0871,
      "drift_spearman_p_POOLED": 0.08191306157885392,
      "drift_magnitude": 0.156,
      "corrected_drift": {
        "per_conv_slopes": {
          "n": 40,
          "mean": 0.01242352034673092,