{
  "panel_id": "Fig_05_H",
  "title": "Self-Report Drift — Gemma vs Qwen",
  "drift_stats": {
    "Gemma 3 4B": {
      "drift_magnitude": 0.5291,
      "spearman_rho_vs_turn_POOLED": 0.3351,
      "spearman_p_POOLED": 5.964346233591736e-12,
      "corrected_drift": {
        "per_conv_slopes": {
          "n": 40,
          "mean": 0.055515009403001116,
          "std": 0.056375570316667574,
          "t_stat": 6.228012348364484,
          "t_p": 2.4979735681482353e-07,
          "wilcoxon_stat": 62.0,
          "wilcoxon_p": 2.275137376273051e-07,
          "slopes": [
            0.111276,
            0.099266,
            0.122479,
            0.129632,
            -9.1e-05,
            0.072572,
            0.000348,
            0.127525,
            0.00862,
            0.082772,
            0.110939,
            -0.011748,
            0.023255,
            0.002194,
            4e-06,
            0.000992,
            2.7e-05,
            0.067879,
            0.016364,
            -0.0,
            -0.00011,
            0.13413,
            2e-06,
            1.3e-05,
            0.13829,
            -0.037514,
            0.134364,
            0.119397,
            0.111452,
            0.000704,
            -0.002638,
            0.123994,
            7.3e-05,
            0.073007,
            0.050787,
            0.082154,
            0.041804,
            0.112421,
            0.041981,
            0.131987
          ]
        },
        "lmm": {
          "intercept": 7.060199018264122,
          "slope": 0.05551500940300109,
          "slope_z": 12.105865576996077,
          "slope_p": 9.832666675751893e-34,
          "n_obs": 400,
          "n_groups": 40,
          "converged": true
        }
      }
    },
    "Qwen 2.5 7B": {
      "drift_magnitude": 0.3097,
      "spearman_rho_vs_turn_POOLED": -0.081,
      "spearman_p_POOLED": 0.10584340607330842,
      "corrected_drift": {
        "per_conv_slopes": {
          "n": 40,
          "mean": 0.026086274055545942,
          "std": 0.09571790130962796,
          "t_stat": 1.7236491931856703,
          "t_p": 0.0926915653474664,
          "wilcoxon_stat": 394.0,
          "wilcoxon_p": 0.8367550107286661,
          "slopes": [
            -0.015516,
            -0.052988,
            -0.026073,
            -0.021075,
            0.07383,
            -0.013829,
            0.010393,
            -0.00897,
            -0.05039,
            0.013543,
            -0.014982,
            -0.117146,
            -0.011692,
            -0.05514,
            0.100617,
            -0.042359,
            -0.018217,
            -0.000549,
            -0.004016,
            0.008798,
            0.005632,
            0.030243,
            0.088134,
            0.378803,
            0.022548,
            -0.0184,
            0.260984,
            -0.035398,
            -0.039953,
            -0.048232,
            0.166225,
            0.164163,
            -0.019434,
            -0.030823,
            0.027598,
            0.10807,
            -0.014102,
            0.027203,
            0.216129,
            -0.000176
          ]
        },
        "lmm": {
          "intercept": 7.652946622737135,
          "slope": 0.026086274055546418,
          "slope_z": 3.8710814534242823,
          "slope_p": 0.00010835357545979438,
          "n_obs": 400,
          "n_groups": 40,
          "converged": true
        }
      }
    }
  }
}