{
  "correctness_by_category": {
    "cohen_d": 0.01049568597227335,
    "mean_adversarial": 8.597315788269043,
    "mean_non_adversarial": 8.56862735748291,
    "n_adversarial": 149,
    "n_non_adversarial": 153,
    "p_value": 0.927456316857764,
    "sem_adversarial": 0.23012695001318229,
    "sem_non_adversarial": 0.21485203144191828
  },
  "matching": {
    "items_unmatched": 0,
    "sentences_total": 302,
    "sentences_unmatched": 1
  },
  "probe_metrics": {
    "fabrication_vs_truthfulness": {
      "max": {
        "adversarial_all": {
          "intercept": 0.25472689427938155,
          "n": 149,
          "p_value": 0.12342923070067847,
          "r": 0.12676365673542023,
          "slope": 0.01204171659231196
        },
        "adversarial_exclude_10": {
          "intercept": 0.22051973376748465,
          "n": 40,
          "p_value": 0.0514829133558455,
          "r": 0.3101111352443695,
          "slope": 0.023407847827584535
        },
        "all": {
          "intercept": 0.33300128800357187,
          "n": 302,
          "p_value": 0.6197209272257709,
          "r": -0.02866872027516365,
          "slope": -0.003446477944410028
        },
        "exclude_10": {
          "intercept": 0.3172682944484228,
          "n": 84,
          "p_value": 0.9013321312624182,
          "r": 0.01373228244483471,
          "slope": 0.0012558413583858437
        },
        "non_adversarial_all": {
          "intercept": 0.4257974683522857,
          "n": 153,
          "p_value": 0.0702339900865826,
          "r": -0.14677207171916962,
          "slope": -0.020513837311297713
        },
        "non_adversarial_exclude_10": {
          "intercept": 0.4457864639704007,
          "n": 44,
          "p_value": 0.11639129941587165,
          "r": -0.24013666808605194,
          "slope": -0.025965381570783624
        }
      },
      "mean": {
        "adversarial_all": {
          "intercept": -0.039075934379728366,
          "n": 149,
          "p_value": 0.6678881646295786,
          "r": 0.03543633595108986,
          "slope": 0.0024491326073189574
        },
        "adversarial_exclude_10": {
          "intercept": -0.06389061035842368,
          "n": 40,
          "p_value": 0.21045251736595438,
          "r": 0.20237024128437042,
          "slope": 0.010694390603419599
        },
        "all": {
          "intercept": -0.02078131893840859,
          "n": 302,
          "p_value": 0.23656200892482776,
          "r": -0.06831356883049011,
          "slope": -0.006366934094139365
        },
        "exclude_10": {
          "intercept": -0.026657311782977866,
          "n": 84,
          "p_value": 0.5691261186559503,
          "r": -0.06300226598978043,
          "slope": -0.0046107015959021705
        },
        "non_adversarial_all": {
          "intercept": 0.007361753666139038,
          "n": 153,
          "p_value": 0.06877989159678981,
          "r": -0.14753089845180511,
          "slope": -0.016186441227859595
        },
        "non_adversarial_exclude_10": {
          "intercept": 0.030255340088837096,
          "n": 44,
          "p_value": 0.10546871482829306,
          "r": -0.24736985564231873,
          "slope": -0.022430146615868157
        }
      },
      "prop_pos": {
        "adversarial_all": {
          "intercept": 0.4048859030497935,
          "n": 149,
          "p_value": 0.43842508910972156,
          "r": 0.06395222991704941,
          "slope": 0.006615716402862184
        },
        "adversarial_exclude_10": {
          "intercept": 0.3706251945788559,
          "n": 40,
          "p_value": 0.2373839161651553,
          "r": 0.19115230441093445,
          "slope": 0.017999640203221368
        },
        "all": {
          "intercept": 0.4252751915756959,
          "n": 302,
          "p_value": 0.8525780311779986,
          "r": -0.01073753647506237,
          "slope": -0.0012146505864730494
        },
        "exclude_10": {
          "intercept": 0.4223888655156727,
          "n": 84,
          "p_value": 0.9758608741164022,
          "r": -0.0033517200499773026,
          "slope": -0.00035197771378469737
        },
        "non_adversarial_all": {
          "intercept": 0.45416231642916355,
          "n": 153,
          "p_value": 0.310932328299599,
          "r": -0.08245450258255005,
          "slope": -0.009919781193307208
        },
        "non_adversarial_exclude_10": {
          "intercept": 0.4982950204226862,
          "n": 44,
          "p_value": 0.21803016376817982,
          "r": -0.18946515023708344,
          "slope": -0.02195597319154073
        }
      }
    },
    "lying_vs_truthfulness": {
      "max": {
        "adversarial_all": {
          "intercept": -0.0032668206105576636,
          "n": 149,
          "p_value": 0.6294895703792016,
          "r": -0.03984333947300911,
          "slope": -0.004689116709802314
        },
        "adversarial_exclude_10": {
          "intercept": -0.021616342138453346,
          "n": 40,
          "p_value": 0.9210551557766427,
          "r": 0.016181936487555504,
          "slope": 0.0014079421126622022
        },
        "all": {
          "intercept": 0.15959405873772026,
          "n": 302,
          "p_value": 8.082870213567263e-05,
          "r": -0.22485363483428955,
          "slope": -0.03621374028750605
        },
        "exclude_10": {
          "intercept": 0.1878450869271799,
          "n": 84,
          "p_value": 0.00550543282237512,
          "r": -0.30034610629081726,
          "slope": -0.04465748334971883
        },
        "non_adversarial_all": {
          "intercept": 0.3517991257086959,
          "n": 153,
          "p_value": 1.8743703789343003e-06,
          "r": -0.37431666254997253,
          "slope": -0.07093849011718129
        },
        "non_adversarial_exclude_10": {
          "intercept": 0.4640061504357154,
          "n": 44,
          "p_value": 0.00045188230038648074,
          "r": -0.5064557194709778,
          "slope": -0.10154040595182297
        }
      },
      "mean": {
        "adversarial_all": {
          "intercept": -0.46635685406046706,
          "n": 149,
          "p_value": 0.1592331251991195,
          "r": -0.1159067153930664,
          "slope": -0.010364334771528599
        },
        "adversarial_exclude_10": {
          "intercept": -0.4891885130369805,
          "n": 40,
          "p_value": 0.7824512365597055,
          "r": -0.045066289603710175,
          "slope": -0.0027779806759939338
        },
        "all": {
          "intercept": -0.4108279382257096,
          "n": 302,
          "p_value": 8.828575316946234e-05,
          "r": -0.223674476146698,
          "slope": -0.02788125184773653
        },
        "exclude_10": {
          "intercept": -0.3815757759296143,
          "n": 84,
          "p_value": 0.0037367352472551054,
          "r": -0.31306615471839905,
          "slope": -0.03662421655634591
        },
        "non_adversarial_all": {
          "intercept": -0.33688656406143064,
          "n": 153,
          "p_value": 4.3244805554996373e-05,
          "r": -0.3242899477481842,
          "slope": -0.047315571117285016
        },
        "non_adversarial_exclude_10": {
          "intercept": -0.22850537487742814,
          "n": 44,
          "p_value": 0.0008518818336065157,
          "r": -0.4848412275314331,
          "slope": -0.07687407725837657
        }
      },
      "prop_pos": {
        "adversarial_all": {
          "intercept": 0.07568737914122972,
          "n": 149,
          "p_value": 0.7478752149253485,
          "r": -0.026552535593509674,
          "slope": -0.0012378249906297531
        },
        "adversarial_exclude_10": {
          "intercept": 0.08364698262630904,
          "n": 40,
          "p_value": 0.47866952979196753,
          "r": -0.11529649794101715,
          "slope": -0.003882589900616384
        },
        "all": {
          "intercept": 0.1612354798850374,
          "n": 302,
          "p_value": 0.0002583151459532792,