{
  "accuracy_by_alpha": [
    {
      "alpha": 0.0,
      "accuracy": 0.9,
      "n": 20
    }
  ],
  "score_by_alpha": [
    {
      "alpha": 0.0,
      "mean_score": -0.6747498899698258,
      "sem": 0.019427528940135767,
      "n": 20
    }
  ],
  "correct_vs_incorrect": {
    "mean_correct": -0.6821377277374268,
    "mean_incorrect": -0.6082590818405151,
    "sem_correct": 0.02073355694565943,
    "sem_incorrect": 0.032055199146270745,
    "cohen_d": -0.8575401306152344
  },
  "correct_vs_incorrect_by_alpha": [
    {
      "alpha": 0.0,
      "mean_correct": -0.6821377575397491,
      "mean_incorrect": -0.6082590818405151,
      "sem_correct": 0.02073355694565943,
      "sem_incorrect": 0.032055199146270745,
      "n_correct": 18,
      "n_incorrect": 2
    }
  ]
}