{
  "accuracy_by_alpha": [
    {
      "alpha": 0.0,
      "accuracy": 0.4,
      "n": 20
    }
  ],
  "score_by_alpha": [
    {
      "alpha": 0.0,
      "mean_score": -0.8760391026735306,
      "sem": 0.014772052300857971,
      "n": 20
    }
  ],
  "correct_vs_incorrect": {
    "mean_correct": -0.9265479445457458,
    "mean_incorrect": -0.8423665165901184,
    "sem_correct": 0.013722079989052591,
    "sem_incorrect": 0.017047467765117987,
    "cohen_d": -1.6149981021881104
  },
  "correct_vs_incorrect_by_alpha": [
    {
      "alpha": 0.0,
      "mean_correct": -0.926547959446907,
      "mean_incorrect": -0.8423665314912796,
      "sem_correct": 0.013722079989052591,
      "sem_incorrect": 0.017047467765117987,
      "n_correct": 8,
      "n_incorrect": 12
    }
  ]
}