{
  "best_d": 2.98468017578125,
  "best_layer": 2,
  "best_p": 1.7277597755271934e-11,
  "n_eval": 12,
  "n_train": 24,
  "n_train_neg": 24,
  "n_train_pos": 24,
  "num_layers": 28,
  "proj_std_best_layer": 0.039023738354444504,
  "train_prompt_mode": "shared"
}