{
  "panel_id": "Fig_03_G",
  "title": "Self-Report Drift Under Steering - Interested / Bored",
  "description": "Mean logit self-report across turns for different steering alphas (display-corrected for polarity). Drift Spearman ρ indicates temporal trend at each alpha level.",
  "concept": "bored_vs_interested",
  "alpha_display_flipped": false,
  "drift_by_alpha": {
    "-4.0": {
      "display_alpha": -4.0,
      "means": [
        5.4554,
        5.7763,
        6.0075,
        6.1072,
        6.2281,
        6.2495,
        6.229,
        6.2699,
        6.3678,
        6.4127
      ],
      "ci_low": [
        5.3578,
        5.6547,
        5.8774,
        5.9563,
        6.0609,
        6.084,
        6.0669,
        6.0915,
        6.1831,
        6.2175
      ],
      "ci_high": [
        5.5423,
        5.8905,
        6.1248,
        6.2539,
        6.385,
        6.4198,
        6.3789,
        6.43,
        6.537,
        6.5837
      ],
      "drift_spearman_rho_POOLED": 0.4585,
      "drift_spearman_p_POOLED": 3.495156953197425e-22,
      "drift_magnitude": 0.9573,
      "corrected_drift": {
        "per_conv_slopes": {
          "n": 40,
          "mean": 0.0876056250735101,
          "std": 0.04642143622852229,
          "t_stat": 11.935576905086483,
          "t_p": 1.358122613813922e-14,
          "wilcoxon_stat": 1.0,
          "wilcoxon_p": 3.637978807091713e-12,
          "slopes": [
            0.039282,
            0.130621,
            0.100608,
            0.076819,
            0.021355,
            0.208021,
            0.06883,
            0.040679,
            0.047334,
            0.097186,
            0.127574,
            0.074092,
            0.140275,
            0.13483,
            0.060861,
            0.094417,
            0.094076,
            0.06938,
            0.074746,
            0.142527,
            0.10381,
            0.117437,
            0.055831,
            0.052673,
            0.054628,
            0.174081,
            0.095357,
            0.058335,
            0.16035,
            0.078605,
            0.020688,
            0.089658,
            0.127451,
            0.067771,
            0.062449,
            -0.013289,
            0.034728,
            0.126755,
            0.045191,
            0.148204
          ]
        },
        "lmm": {
          "intercept": 5.628504583416358,
          "slope": 0.08760562507351008,
          "slope_z": 21.075060843895027,
          "slope_p": 1.3473283974586636e-98,
          "n_obs": 400,
          "n_groups": 40,
          "converged": true
        }
      }
    },
    "-2.0": {
      "display_alpha": -2.0,
      "means": [
        5.8052,
        6.2508,
        6.5612,
        6.6883,
        6.8169,
        6.8422,
        6.8502,
        6.8943,
        6.9984,
        7.0462
      ],
      "ci_low": [
        5.6885,
        6.0913,
        6.3879,
        6.5045,
        6.6126,
        6.6506,
        6.6588,
        6.6982,
        6.7913,
        6.8439
      ],
      "ci_high": [
        5.9126,
        6.4013,
        6.7122,
        6.8491,
        6.9885,
        7.0183,
        7.0188,
        7.065,
        7.1782,
        7.2209
      ],
      "drift_spearman_rho_POOLED": 0.4904,
      "drift_spearman_p_POOLED": 1.3624855038344258e-25,
      "drift_magnitude": 1.241,
      "corrected_drift": {
        "per_conv_slopes": {
          "n": 40,
          "mean": 0.11260102694163317,
          "std": 0.045707997083890596,
          "t_stat": 15.580455706952879,
          "t_p": 2.4416609042049025e-18,
          "wilcoxon_stat": 0.0,
          "wilcoxon_p": 1.8189894035458565e-12,
          "slopes": [
            0.072914,
            0.181498,
            0.144555,
            0.103525,
            0.041878,
            0.151879,
            0.077049,
            0.056553,
            0.062352,
            0.128826,
            0.135263,
            0.098635,
            0.185787,
            0.159185,
            0.100835,
            0.128113,
            0.131314,
            0.080456,
            0.110818,
            0.14064,
            0.142716,
            0.129744,
            0.072908,
            0.084737,
            0.093986,
            0.201417,
            0.133985,
            0.086011,
            0.1506,
            0.10326,
            0.044655,
            0.155152,
            0.140841,
            0.099814,
            0.097478,
            3.8e-05,
            0.045903,
            0.182765,
            0.072123,
            0.173832
          ]
        },
        "lmm": {
          "intercept": 6.056071150584669,
          "slope": 0.11260102694163336,
          "slope_z": 23.355334654678355,
          "slope_p": 1.2164551556705877e-120,
          "n_obs": 400,
          "n_groups": 40,
          "converged": true
        }
      }
    },
    "0.0": {
      "display_alpha": 0.0,
      "means": [
        6.4083,
        6.9428,
        7.2515,
        7.3441,
        7.4241,
        7.43,
        7.4422,
        7.4787,
        7.5488,
        7.5885
      ],
      "ci_low": [
        6.2344,
        6.7604,
        7.0794,
        7.1746,
        7.2573,
        7.2685,
        7.2878,
        7.3196,
        7.3914,
        7.4374
      ],
      "ci_high": [
        6.5612,
        7.1055,
        7.3953,
        7.4904,
        7.5631,
        7.5683,
        7.5767,
        7.6051,
        7.6742,
        7.709
      ],
      "drift_spearman_rho_POOLED": 0.4819,
      "drift_spearman_p_POOLED": 1.1882723996563983e-24,
      "drift_magnitude": 1.1801,
      "corrected_drift": {
        "per_conv_slopes": {
          "n": 40,
          "mean": 0.09878569084825975,
          "std": 0.03997318191569854,
          "t_stat": 15.629868243792156,
          "t_p": 2.19421017377616e-18,
          "wilcoxon_stat": 0.0,
          "wilcoxon_p": 1.8189894035458565e-12,
          "slopes": [
            0.100888,
            0.164306,
            0.129098,
            0.092597,
            0.069444,
            0.094808,
            0.035951,
            0.060471,
            0.103297,
            0.087449,
            0.076352,
            0.099895,
            0.145895,
            0.12235,
            0.130541,
            0.121705,
            0.167729,
            0.040128,
            0.166921,
            0.088928,
            0.101168,
            0.077756,
            0.103466,
            0.076187,
            0.071728,
            0.152111,
            0.134077,
            0.07456,
            0.075835,
            0.093574,
            0.029323,
            0.169683,
            0.075326,
            0.105306,
            0.095271,
            0.016231,
            0.060336,
            0.168878,
            0.054805,
            0.117054
          ]
        },
        "lmm": {
          "intercept": 6.742586169054773,
          "slope": 0.09878569084825972,
          "slope_z": 20.148575581189075,
          "slope_p": 2.769692126445314e-90,
          "n_obs": 400,
          "n_groups": 40,
          "converged": true
        }
      }
    },
    "2.0": {
      "display_alpha": 2.0,
      "means": [
        7.2786,
        7.6081,
        7.7627,
        7.8034,
        7.8347,
        7.8486,
        7.8449,
        7.8666,
        7.8918,
        7.9273
      ],
      "ci_low": [
        7.1051,
        7.4989,
        7.6722,
        7.7073,
        7.7503,
        7.7688,
        7.7607,
        7.7862,
        7.8047,
        7.8522
      ],
      "ci_high": [
        7.4187,
        7.7054,
        7.8368,
        7.8842,
        7.9086,
        7.9188,
        7.9188,
        7.9349,
        7.9646,
        7.9892
      ],
      "drift_spearman_rho_POOLED": 0.4357,
      "drift_spearman_p_POOLED": 5.828848905401306e-20,
      "drift_magnitude": 0.6488,
      "corrected_drift": {
        "per_conv_slopes": {
          "n": 40,
          "mean": 0.051410045424161846,