{
  "best_d": 2.5196664333343506,
  "best_layer": 27,
  "best_p": 3.621359656591494e-09,
  "n_eval": 12,
  "n_train": 24,
  "n_train_neg": 24,
  "n_train_pos": 24,
  "num_layers": 28,
  "proj_std_best_layer": 1.017788290977478,
  "train_prompt_mode": "shared"
}