{
  "panel_id": "Fig_03_H",
  "title": "Self-Report Drift Under Steering — Focused / Distracted",
  "description": "Mean logit self-report across turns for different steering alphas (display-corrected for polarity). Drift Spearman ρ indicates temporal trend at each alpha level.",
  "concept": "distracted_vs_focused",
  "alpha_display_flipped": false,
  "drift_by_alpha": {
    "-4.0": {
      "display_alpha": -4.0,
      "means": [
        4.2305,
        4.4216,
        4.5795,
        4.7242,
        4.7693,
        4.8238,
        4.8469,
        4.9185,
        4.9652,
        5.025
      ],
      "ci_low": [
        4.1808,
        4.3589,
        4.517,
        4.647,
        4.6732,
        4.7275,
        4.7568,
        4.8143,
        4.8541,
        4.9103
      ],
      "ci_high": [
        4.2787,
        4.4861,
        4.6453,
        4.8001,
        4.8589,
        4.9175,
        4.9333,
        5.0291,
        5.0766,
        5.1407
      ],
      "drift_spearman_rho_POOLED": 0.6258,
      "drift_spearman_p_POOLED": 7.083618097954448e-45,
      "drift_magnitude": 0.7946,
      "corrected_drift": {
        "per_conv_slopes": {
          "n": 40,
          "mean": 0.07923426989932036,
          "std": 0.03699179573353367,
          "t_stat": 13.546828784807287,
          "t_p": 2.4856351757583877e-16,
          "wilcoxon_stat": 0.0,
          "wilcoxon_p": 1.8189894035458565e-12,
          "slopes": [
            0.078213,
            0.087712,
            0.023507,
            0.085522,
            0.093616,
            0.172367,
            0.055134,
            0.032566,
            0.061516,
            0.08753,
            0.080185,
            0.058489,
            0.115622,
            0.114456,
            0.059077,
            0.067394,
            0.029049,
            0.069464,
            0.074182,
            0.117441,
            0.07119,
            0.08344,
            0.039351,
            0.07077,
            0.031934,
            0.108784,
            0.090718,
            0.046622,
            0.21129,
            0.079418,
            0.081541,
            0.093806,
            0.127142,
            0.035802,
            0.075316,
            0.035426,
            0.078333,
            0.100582,
            0.079958,
            0.064905
          ]
        },
        "lmm": {
          "intercept": 4.294665056393794,
          "slope": 0.07923426989932028,
          "slope_z": 25.051280088094565,
          "slope_p": 1.6906657208530451e-138,
          "n_obs": 400,
          "n_groups": 40,
          "converged": true
        }
      }
    },
    "-2.0": {
      "display_alpha": -2.0,
      "means": [
        5.7941,
        6.0668,
        6.3425,
        6.5362,
        6.604,
        6.6651,
        6.7141,
        6.8046,
        6.8965,
        6.9635
      ],
      "ci_low": [
        5.6703,
        5.9215,
        6.207,
        6.392,
        6.4514,
        6.5192,
        6.5707,
        6.6517,
        6.7478,
        6.8204
      ],
      "ci_high": [
        5.9241,
        6.22,
        6.48,
        6.6778,
        6.7501,
        6.8168,
        6.854,
        6.9589,
        7.0425,
        7.1033
      ],
      "drift_spearman_rho_POOLED": 0.5625,
      "drift_spearman_p_POOLED": 9.347253899805987e-35,
      "drift_magnitude": 1.1693,
      "corrected_drift": {
        "per_conv_slopes": {
          "n": 40,
          "mean": 0.11658692202961933,
          "std": 0.046412141814254494,
          "t_stat": 15.887231426532686,
          "t_p": 1.262685597907555e-18,
          "wilcoxon_stat": 1.0,
          "wilcoxon_p": 3.637978807091713e-12,
          "slopes": [
            0.13629,
            0.144359,
            0.070141,
            0.112722,
            0.14135,
            0.224177,
            0.107472,
            0.067869,
            0.08723,
            0.145814,
            0.161936,
            0.089126,
            0.092727,
            0.207835,
            0.122407,
            0.130439,
            -0.005864,
            0.101395,
            0.103421,
            0.128867,
            0.097052,
            0.126665,
            0.028725,
            0.090494,
            0.063665,
            0.140429,
            0.113587,
            0.097654,
            0.195265,
            0.187049,
            0.149636,
            0.1382,
            0.119172,
            0.080444,
            0.144722,
            0.046743,
            0.13245,
            0.167075,
            0.089546,
            0.085191
          ]
        },
        "lmm": {
          "intercept": 5.897502867728787,
          "slope": 0.11658692202961918,
          "slope_z": 23.98123377075989,
          "slope_p": 4.365470360966196e-127,
          "n_obs": 400,
          "n_groups": 40,
          "converged": true
        }
      }
    },
    "0.0": {
      "display_alpha": 0.0,
      "means": [
        7.4947,
        7.5946,
        7.7592,
        7.8174,
        7.8331,
        7.8474,
        7.8677,
        7.8926,
        7.9121,
        7.9291
      ],
      "ci_low": [
        7.3684,
        7.4735,
        7.657,
        7.7444,
        7.7599,
        7.7772,
        7.8105,
        7.8405,
        7.8655,
        7.8833
      ],
      "ci_high": [
        7.6192,
        7.7058,
        7.8445,
        7.8836,
        7.894,
        7.9059,
        7.9162,
        7.9406,
        7.9549,
        7.9705
      ],
      "drift_spearman_rho_POOLED": 0.3951,
      "drift_spearman_p_POOLED": 2.150526481512235e-16,
      "drift_magnitude": 0.4344,
      "corrected_drift": {
        "per_conv_slopes": {
          "n": 40,
          "mean": 0.04220847444353141,
          "std": 0.031942947083166216,
          "t_stat": 8.357082109866312,
          "t_p": 3.180895451965404e-10,
          "wilcoxon_stat": 4.0,
          "wilcoxon_p": 1.2732925824820995e-11,
          "slopes": [
            0.032758,
            0.032691,
            0.051434,
            0.016343,
            0.051617,
            0.05792,
            0.07025,
            0.021882,
            0.018447,
            0.05324,
            0.055556,
            0.055613,
            0.002541,
            0.118369,
            0.090881,
            0.068126,
            -0.010409,
            0.011939,
            0.017351,
            0.025577,
            0.017595,
            0.014331,
            0.014942,
            0.088477,
            0.007415,
            0.020609,
            0.019668,
            0.081081,
            0.051022,
            0.05808,
            0.09314,
            0.05264,
            0.014747,
            0.018607,
            0.038097,
            0.015275,
            0.125322,
            0.0509,
            0.055056,
            0.00921
          ]
        },
        "lmm": {
          "intercept": 7.562649026013672,
          "slope": 0.04220847444353185,
          "slope_z": 14.537976934956575,
          "slope_p": 6.961990201332538e-48,
          "n_obs": 400,
          "n_groups": 40,
          "converged": true
        }
      }
    },
    "2.0": {
      "display_alpha": 2.0,
      "means": [
        7.8687,
        7.8841,
        7.9464,
        7.9937,
        7.9999,
        8.013,
        8.0244,
        8.0408,
        8.0434,
        8.0459
      ],
      "ci_low": [
        7.7923,
        7.812,
        7.8675,
        7.9545,
        7.956,
        7.9748,
        7.9919,
        8.0098,
        8.0146,
        8.0189
      ],
      "ci_high": [
        7.9352,
        7.9473,
        8.0027,
        8.0267,
        8.0343,
        8.0436,
        8.0517,
        8.0684,
        8.07,
        8.0711
      ],
      "drift_spearman_rho_POOLED": 0.342,
      "drift_spearman_p_POOLED": 2.0379432130051334e-12,
      "drift_magnitude": 0.1772,
      "corrected_drift": {
        "per_conv_slopes": {
          "n": 40,
          "mean": 0.019922354877809644,
          "std": 0.020058478720563693,