{
  "correctness_by_category": {
    "cohen_d": -0.029140356928110123,
    "mean_adversarial": 5.050000190734863,
    "mean_non_adversarial": 5.150000095367432,
    "n_adversarial": 20,
    "n_non_adversarial": 20,
    "p_value": 0.9270637882196077,
    "sem_adversarial": 0.7521023166676474,
    "sem_non_adversarial": 0.7822874690358566
  },
  "probe_metrics": {
    "fabrication_vs_truthfulness": {
      "max": {
        "intercept": 0.6815084217181157,
        "n": 40,
        "p_value": 0.7226967381525105,
        "r": -0.05789657682180405,
        "slope": -0.0041272086195375144
      },
      "mean": {
        "intercept": -0.005810401187685307,
        "n": 40,
        "p_value": 0.5082112739184395,
        "r": -0.10772301256656647,
        "slope": -0.005482514768795609
      },
      "prop_pos": {
        "intercept": 0.48168153188443547,
        "n": 40,
        "p_value": 0.6211119303110301,
        "r": -0.08057968318462372,
        "slope": -0.00548495606696559
      }
    },
    "lying_vs_truthfulness": {
      "max": {
        "intercept": 0.33409748462106215,
        "n": 40,
        "p_value": 0.5907438001634281,
        "r": 0.08764229714870453,
        "slope": 0.009311374033850364
      },
      "mean": {
        "intercept": -0.5368248174721051,
        "n": 40,
        "p_value": 0.5913284978748231,
        "r": -0.08750491589307785,
        "slope": -0.0071394475138645535
      },
      "prop_pos": {
        "intercept": 0.1010505640451689,
        "n": 40,
        "p_value": 0.9179332351764997,
        "r": -0.0168240275233984,
        "slope": -0.0007603404886597825
      }
    }
  }
}