{
  "panel_id": "Fig_03_F",
  "title": "Self-Report Drift Under Steering — Happy / Sad",
  "description": "Mean logit self-report across turns for different steering alphas (display-corrected for polarity). Drift Spearman ρ indicates temporal trend at each alpha level.",
  "concept": "sad_vs_happy",
  "alpha_display_flipped": true,
  "drift_by_alpha": {
    "-4.0": {
      "display_alpha": 4.0,
      "means": [
        6.7696,
        6.7568,
        6.8072,
        6.8493,
        6.8863,
        6.8608,
        6.8606,
        6.9121,
        6.9561,
        6.9727
      ],
      "ci_low": [
        6.6681,
        6.6253,
        6.672,
        6.7392,
        6.7863,
        6.7533,
        6.7449,
        6.7967,
        6.8322,
        6.8308
      ],
      "ci_high": [
        6.8614,
        6.8729,
        6.9208,
        6.9494,
        6.9728,
        6.9607,
        6.9622,
        7.0173,
        7.0709,
        7.0929
      ],
      "drift_spearman_rho": 0.2249,
      "drift_spearman_p": 5.583491563440174e-06,
      "drift_magnitude": 0.2031
    },
    "-2.0": {
      "display_alpha": 2.0,
      "means": [
        6.5595,
        6.5303,
        6.5905,
        6.642,
        6.6624,
        6.6378,
        6.6372,
        6.6687,
        6.7098,
        6.7368
      ],
      "ci_low": [
        6.4456,
        6.3844,
        6.4485,
        6.5176,
        6.5472,
        6.5121,
        6.5123,
        6.5388,
        6.5704,
        6.5868
      ],
      "ci_high": [
        6.6636,
        6.6576,
        6.7127,
        6.7537,
        6.7604,
        6.7468,
        6.7432,
        6.7851,
        6.839,
        6.8697
      ],
      "drift_spearman_rho": 0.1627,
      "drift_spearman_p": 0.0010926296971118794,
      "drift_magnitude": 0.1774
    },
    "0.0": {
      "display_alpha": -0.0,
      "means": [
        6.2386,
        6.2351,
        6.3058,
        6.3595,
        6.3707,
        6.3309,
        6.3219,
        6.3527,
        6.3884,
        6.4167
      ],
      "ci_low": [
        6.1168,
        6.0896,
        6.1585,
        6.224,
        6.2442,
        6.1838,
        6.1904,
        6.2163,
        6.2375,
        6.2575
      ],
      "ci_high": [
        6.3449,
        6.3623,
        6.4354,
        6.4773,
        6.4831,
        6.4558,
        6.4366,
        6.4791,
        6.535,
        6.5569
      ],
      "drift_spearman_rho": 0.1198,
      "drift_spearman_p": 0.01649082830537667,
      "drift_magnitude": 0.1781
    },
    "2.0": {
      "display_alpha": -2.0,
      "means": [
        5.7912,
        5.7917,
        5.8795,
        5.9353,
        5.9259,
        5.8927,
        5.8632,
        5.8822,
        5.9177,
        5.9471
      ],
      "ci_low": [
        5.6675,
        5.66,
        5.7423,
        5.8038,
        5.8034,
        5.7534,
        5.7381,
        5.7514,
        5.7719,
        5.7948
      ],
      "ci_high": [
        5.9052,
        5.9103,
        6.0023,
        6.0462,
        6.0338,
        6.0137,
        5.9778,
        6.0014,
        6.0585,
        6.0786
      ],
      "drift_spearman_rho": 0.0871,
      "drift_spearman_p": 0.08191306157885392,
      "drift_magnitude": 0.156
    },
    "4.0": {
      "display_alpha": -4.0,
      "means": [
        5.3196,
        5.3144,
        5.3763,
        5.4224,
        5.4148,
        5.3782,
        5.3583,
        5.3689,
        5.3944,
        5.4158
      ],
      "ci_low": [
        5.2284,
        5.2202,
        5.2841,
        5.3297,
        5.3251,
        5.2719,
        5.2694,
        5.2773,
        5.2908,
        5.3091
      ],
      "ci_high": [
        5.4016,
        5.3991,
        5.4663,
        5.5054,
        5.4957,
        5.4688,
        5.4407,
        5.4567,
        5.4961,
        5.5066
      ],
      "drift_spearman_rho": 0.0632,
      "drift_spearman_p": 0.20684078414117468,
      "drift_magnitude": 0.0962
    }
  }
}