{
  "panel_id": "Fig_05_F",
  "title": "Self-Report Drift — Happy / Sad",
  "drift_stats": {
    "1B": {
      "drift_magnitude": 1.7709,
      "spearman_rho_vs_turn_POOLED": 0.4949,
      "spearman_p_POOLED": 4.253427101707378e-26,
      "per_conv_drifts": [
        2.6950287959807167,
        0.31111514497237014,
        0.7599027124937479,
        0.3309886236635684,
        3.4913113228798993,
        0.34193845488529107,
        0.5915265675212273,
        1.1584875399988288,
        0.8507482690352779,
        1.2435482240437619,
        -0.09777016019512441,
        3.429547914821339,
        1.26160591144047,
        2.2013102812902927,
        3.657904835943275,
        0.28013174663017537,
        1.4348227429859115,
        2.5197143307004977,
        0.4151715168903367,
        0.5761746141797994,
        2.2431113387787898,
        1.6566628540696113,
        0.6380825373710932,
        4.465871092917217,
        1.8513031664534214,
        1.8464645885631619,
        2.676349136312524,
        1.508374359527732,
        2.920857920156389,
        2.980422344376276,
        2.403880256083876,
        3.021151188267652,
        0.9312257167509363,
        0.3481436675212164,
        1.2890657486380412,
        0.8354989274653049,
        3.4213057340338393,
        1.6161587456130277,
        3.5079264248069464,
        3.2226049730400437
      ],
      "corrected_drift": {
        "per_conv_slopes": {
          "n": 40,
          "mean": 0.1594129480901063,
          "std": 0.1114608210630395,
          "t_stat": 9.045474448852547,
          "t_p": 4.049078380055273e-11,
          "wilcoxon_stat": 10.0,
          "wilcoxon_p": 7.821654435247183e-11,
          "slopes": [
            0.317299,
            0.060114,
            0.122923,
            0.086663,
            0.251448,
            -0.005159,
            0.019928,
            0.144167,
            -0.05664,
            0.216117,
            0.020311,
            0.318951,
            0.029558,
            0.183636,
            0.239909,
            0.004941,
            0.106638,
            0.236926,
            0.052029,
            0.06442,
            0.119731,
            0.188699,
            0.082521,
            0.360817,
            0.179491,
            0.121939,
            0.246868,
            0.108492,
            0.271768,
            0.338711,
            0.277888,
            0.287802,
            0.108314,
            0.045,
            0.105708,
            0.057298,
            0.294033,
            0.200078,
            0.274969,
            0.292212
          ]
        },
        "lmm": {
          "intercept": 1.1798928359534047e-17,
          "slope": 0.15941294809010614,
          "slope_z": 15.86387119253907,
          "slope_p": 1.1272602375404059e-56,
          "n_obs": 400,
          "n_groups": 40,
          "converged": true
        }
      }
    },
    "3B": {
      "drift_magnitude": 0.381,
      "spearman_rho_vs_turn_POOLED": 0.2625,
      "spearman_p_POOLED": 9.98229555628974e-08,
      "per_conv_drifts": [
        0.5360749500577997,
        0.6940036811817958,
        0.48239049799002487,
        0.30776214446965966,
        0.2443896894058959,
        0.2938714358688257,
        0.08988677311507587,
        0.2937108940557085,
        -0.39712716162599726,
        0.3406569304320808,
        -0.03015408070539749,
        -0.17036428784568525,
        -0.49664206723840465,
        0.4628150289223312,
        0.8902465389957577,
        0.640604523064682,
        0.38778816846904984,
        0.6580970648619564,
        1.2912149382183173,
        0.3345781148164102,
        0.2652894816684821,
        0.6395237189282872,
        0.26696526548294486,
        0.4244247125665783,
        0.17674620081091952,
        0.32351406529810767,
        0.8695556276521881,
        0.2862178323893154,
        1.6387414083905725,
        -0.042277526329340454,
        0.08675664315127118,
        0.22935894592006445,
        0.05440531059311304,
        0.9344276928482014,
        0.4889970412648559,
        0.3784708097159495,
        0.3137565117170853,
        0.32444673227539766,
        0.314944240137212,
        0.4130475976279522
      ],
      "corrected_drift": {
        "per_conv_slopes": {
          "n": 40,
          "mean": 0.038073377595930845,
          "std": 0.039091728013773974,
          "t_stat": 6.15979889025857,
          "t_p": 3.1065998820430865e-07,
          "wilcoxon_stat": 61.0,
          "wilcoxon_p": 2.0396328181959689e-07,
          "slopes": [
            0.044066,
            0.063626,
            0.062857,
            0.038691,
            0.077256,
            0.044299,
            0.016573,
            0.01928,
            -0.018417,
            0.060497,
            0.008285,
            -0.03006,
            -0.0534,
            0.042021,
            0.078779,
            0.068255,
            0.027266,
            0.07794,
            0.107145,
            0.039925,
            0.0147,
            0.06501,
            0.01615,
            0.067999,
            0.01016,
            0.005474,
            0.079385,
            0.037346,
            0.159515,
            0.010001,
            9.9e-05,
            0.021188,
            -0.012087,
            0.0696,
            0.057831,
            0.044252,
            0.043198,
            0.040843,
            0.015451,
            0.001935
          ]
        },
        "lmm": {
          "intercept": 6.003455840992556,
          "slope": 0.03807337759593086,
          "slope_z": 11.40354135239491,
          "slope_p": 4.014498433848436e-30,
          "n_obs": 400,
          "n_groups": 40,
          "converged": true
        }
      }
    },
    "8B": {
      "drift_magnitude": 1.3327,
      "spearman_rho_vs_turn_POOLED": 0.4804,
      "spearman_p_POOLED": 1.748574249247186e-24,
      "per_conv_drifts": [
        1.4199964615637528,
        2.2464355614620155,
        1.35995396385991,
        1.7244621241135345,
        0.05685621528606166,
        1.6916976035642346,
        0.746472555827002,
        1.7701215266756947,
        1.3916202311965726,
        1.686169732208838,
        1.2347250869588748,
        2.265584145708635,
        0.5543707373588127,
        2.2663181161492307,
        1.0240345647403615,
        0.8686062349560597,
        0.9151907323662396,
        2.035187428950894,
        1.4081358105994184,
        0.46913670496418547,
        2.1026234983252916,
        2.825365813118407,
        0.2957617258768108,
        0.5902554997815113,
        1.4518318972949071,
        1.8695687790264444,
        1.5069847446647415,
        1.1507592933383952,
        1.4893259138585844,
        0.38553962274728715,
        0.008080791275851595,
        1.2202177141603157,
        1.1115807851064945,
        1.5327940972242864,
        1.6572701020808838,
        0.24682653246456265,
        1.738162196761568,
        2.0301284098565366,
        1.0609497188594865,
        1.898601248966684
      ],
      "corrected_drift": {
        "per_conv_slopes": {
          "n": 40,
          "mean": 0.14110885326548417,
          "std": 0.07459478615819488,
          "t_stat": 11.963982935405111,
          "t_p": 1.2621347858214146e-14,
          "wilcoxon_stat": 4.0,
          "wilcoxon_p": 1.2732925824820995e-11,