{
  "panel_id": "Fig_05_Biii",
  "title": "High-Introspection Scatter — LLaMA 8B",
  "description": "Scatter plots of probe score vs logit self-report for the two concepts with highest R² at LLaMA 8B (wellbeing, interest). R² ~0.9, confirming strong introspection at larger model size.",
  "statistics": {
    "wellbeing": {
      "spearman_rho": 0.9335,
      "spearman_p_POOLED": 2.1761462042535486e-179,
      "isotonic_r2": 0.9022,
      "n_POOLED": 400,
      "corrected_stats": {
        "per_conv_rhos": {
          "n": 40,
          "mean": 0.8793939393939393,
          "std": 0.1607814497320736,
          "t_stat": 34.59214746063051,
          "t_p": 6.986673698830065e-31,
          "wilcoxon_stat": 0.0,
          "wilcoxon_p": 1.8189894035458565e-12,
          "rhos": [
            0.9515,
            1.0,
            0.9515,
            0.903,
            0.8909,
            0.9758,
            0.9152,
            0.9515,
            0.9879,
            0.9515,
            0.8424,
            0.9515,
            0.5879,
            0.9636,
            0.8182,
            0.6848,
            0.9273,
            0.9515,
            0.903,
            0.6,
            0.9879,
            0.9879,
            0.8182,
            0.8303,
            0.9879,
            0.9273,
            0.9394,
            0.9515,
            0.9394,
            0.9152,
            0.1152,
            1.0,
            0.9515,
            0.7576,
            0.9273,
            0.9758,
            0.9636,
            0.9394,
            0.7333,
            0.8182
          ]
        },
        "lmm": {
          "intercept": 0.16647836882669764,
          "slope": 8.368512769017697,
          "slope_z": 40.0441884535454,
          "slope_p": 0.0,
          "n_obs": 400,
          "n_groups": 40,
          "converged": true
        }
      }
    },
    "interest": {
      "spearman_rho": 0.958,
      "spearman_p_POOLED": 6.516109545282994e-218,
      "isotonic_r2": 0.9313,
      "n_POOLED": 400,
      "corrected_stats": {
        "per_conv_rhos": {
          "n": 40,
          "mean": 0.9390909090909091,
          "std": 0.05465671119144628,
          "t_stat": 108.66611393003633,
          "t_p": 4.948454462601682e-50,
          "wilcoxon_stat": 0.0,
          "wilcoxon_p": 1.8189894035458565e-12,
          "rhos": [
            1.0,
            0.9636,
            0.903,
            0.9273,
            0.9758,
            0.9636,
            0.9394,
            0.9879,
            0.9394,
            0.9394,
            0.903,
            0.9879,
            0.9758,
            0.9758,
            0.8909,
            1.0,
            0.9636,
            0.9636,
            0.7818,
            0.9636,
            1.0,
            0.9515,
            0.9515,
            0.903,
            0.9394,
            0.9758,
            0.903,
            0.9636,
            0.9515,
            0.9879,
            0.9394,
            0.903,
            0.9515,
            0.9758,
            0.9636,
            0.9273,
            0.7697,
            0.9879,
            0.8545,
            0.8182
          ]
        },
        "lmm": {
          "intercept": 5.067607960734028,
          "slope": 4.35850780687842,
          "slope_z": 55.834945792932736,
          "slope_p": 0.0,
          "n_obs": 400,
          "n_groups": 40,
          "converged": true
        }
      }
    }
  }
}