{
  "best_d": 3.594959020614624,
  "best_layer": 13,
  "best_p": 3.5809937372170697e-13,
  "n_eval": 12,
  "n_train": 24,
  "n_train_neg": 24,
  "n_train_pos": 24,
  "num_layers": 28,
  "proj_std_best_layer": 0.12923026084899902,
  "train_prompt_mode": "shared"
}