{
  "panel_id": "Fig_04_J",
  "title": "Probe Score Drift — Impulsive / Planning → Interested / Bored",
  "description": "Mean probe score (bored_vs_interested, polarity-corrected) across turns for different steering alphas (steering: impulsivity). Alpha labels display-corrected (flipped=True). Drift significance: Spearman ρ of turn vs probe score at each α.",
  "steer_concept": "impulsivity",
  "meas_concept": "interest",
  "alpha_display_flipped": true,
  "probe_polarity_flipped": false,
  "drift_by_alpha": {
    "-4.0": {
      "display_alpha": 4.0,
      "drift_magnitude": 0.0992,
      "first_turn_mean": -1.0633,
      "last_turn_mean": -0.9642,
      "drift_spearman_rho": 0.2135,
      "drift_spearman_p": 1.662776441346691e-05,
      "per_conv_drifts": [
        0.03218412399291992,
        0.14380228519439697,
        0.030321359634399414,
        0.05410122871398926,
        0.008239030838012695,
        0.3076359033584595,
        0.09096288681030273,
        0.06121790409088135,
        0.14186859130859375,
        0.13266730308532715,
        0.08392733335494995,
        0.11393439769744873,
        0.136834979057312,
        0.08632886409759521,
        0.10596644878387451,
        0.1647108793258667,
        0.0594707727432251,
        0.10715508460998535,
        0.02747046947479248,
        0.22863173484802246,
        0.0453944206237793,
        0.14383423328399658,
        0.019582390785217285,
        0.11842739582061768,
        0.11033844947814941,
        0.15770691633224487,
        0.1294187307357788,
        0.15076106786727905,
        0.20600104331970215,
        0.16078108549118042,
        -0.007038235664367676,
        0.11562180519104004,
        0.04320549964904785,
        0.0706787109375,
        0.08244729042053223,
        -0.06219947338104248,
        -3.123283386230469e-05,
        0.16203129291534424,
        0.030029892921447754,
        0.17256206274032593
      ]
    },
    "-2.0": {
      "display_alpha": 2.0,
      "drift_magnitude": 0.0959,
      "first_turn_mean": -0.6732,
      "last_turn_mean": -0.5773,
      "drift_spearman_rho": 0.2222,
      "drift_spearman_p": 7.25543354008263e-06,
      "per_conv_drifts": [
        0.03183865547180176,
        0.13901251554489136,
        0.017779409885406494,
        0.04802960157394409,
        0.00521087646484375,
        0.2986045479774475,
        0.08873599767684937,
        0.06611859798431396,
        0.1269434690475464,
        0.12533879280090332,
        0.0829002857208252,
        0.1055346131324768,
        0.12985777854919434,
        0.07687079906463623,
        0.10651707649230957,
        0.15911710262298584,
        0.06644457578659058,
        0.10434502363204956,
        0.031423747539520264,
        0.2157779037952423,
        0.049262046813964844,
        0.13848716020584106,
        0.01743781566619873,
        0.10709542036056519,
        0.11113512516021729,
        0.1574488878250122,
        0.12358075380325317,
        0.1373283863067627,
        0.19230791926383972,
        0.15967035293579102,
        -0.007473289966583252,
        0.1105836033821106,
        0.04212793707847595,
        0.07875627279281616,
        0.07609832286834717,
        -0.04918086528778076,
        -0.0034598112106323242,
        0.16799134016036987,
        0.030160188674926758,
        0.16880527138710022
      ]
    },
    "0.0": {
      "display_alpha": -0.0,
      "drift_magnitude": 0.0858,
      "first_turn_mean": -0.3054,
      "last_turn_mean": -0.2196,
      "drift_spearman_rho": 0.2122,
      "drift_spearman_p": 1.8719367145569804e-05,
      "per_conv_drifts": [
        0.019823312759399414,
        0.11656676232814789,
        0.022414743900299072,
        0.03672003746032715,
        -0.004600346088409424,
        0.2780901938676834,
        0.09170867502689362,
        0.06436437368392944,
        0.11562934517860413,
        0.10909315943717957,
        0.07752983272075653,
        0.09972086548805237,
        0.11802250146865845,
        0.06294852495193481,
        0.09441471099853516,
        0.15171152353286743,
        0.054065048694610596,
        0.08687509596347809,
        0.02037903666496277,
        0.18839523196220398,
        0.048725426197052,
        0.11661328375339508,
        0.0062142014503479,
        0.09011609852313995,
        0.11162842810153961,
        0.14988967776298523,
        0.1122903823852539,
        0.12260958552360535,
        0.1662086546421051,
        0.15519563853740692,
        -0.011336982250213623,
        0.10071608424186707,
        0.0297204852104187,
        0.07158786058425903,
        0.07730108499526978,
        -0.04091283679008484,
        -0.014476597309112549,
        0.15656596422195435,
        0.02186867594718933,
        0.1590908318758011
      ]
    },
    "2.0": {
      "display_alpha": -2.0,
      "drift_magnitude": 0.0739,
      "first_turn_mean": 0.0493,
      "last_turn_mean": 0.1232,
      "drift_spearman_rho": 0.1933,
      "drift_spearman_p": 9.965914882139286e-05,
      "per_conv_drifts": [
        0.006171137094497681,
        0.09983561933040619,
        0.018434152007102966,
        0.016791269183158875,
        -0.015881776809692383,
        0.24424730241298676,
        0.08938168734312057,
        0.06746411323547363,
        0.10471998155117035,
        0.10112926363945007,
        0.06533241271972656,
        0.0845794677734375,
        0.0980176329612732,
        0.043754056096076965,
        0.07224129140377045,
        0.1407925933599472,
        0.05147223174571991,
        0.07205355167388916,
        0.013020247220993042,
        0.17556703090667725,
        0.039593860507011414,
        0.10423950850963593,
        -0.0020244866609573364,
        0.0738353431224823,
        0.09938004612922668,
        0.1326127052307129,
        0.09913370013237,
        0.1050567626953125,
        0.1433066427707672,
        0.13480287790298462,
        -0.005743205547332764,
        0.08432158827781677,
        0.024137228727340698,
        0.07058373093605042,
        0.06477831304073334,
        -0.034333452582359314,
        -0.019528061151504517,
        0.14239946007728577,
        0.0034692585468292236,
        0.1472529023885727
      ]
    },
    "4.0": {
      "display_alpha": -4.0,
      "drift_magnitude": 0.0608,
      "first_turn_mean": 0.3934,
      "last_turn_mean": 0.4542,
      "drift_spearman_rho": 0.1658,
      "drift_spearman_p": 0.0008738963755956335,
      "per_conv_drifts": [
        0.0026067793369293213,
        0.07877340912818909,
        0.013224661350250244,
        0.002084285020828247,
        -0.022584974765777588,
        0.21566426753997803,
        0.0931609570980072,
        0.06406000256538391,
        0.09260624647140503,
        0.08980673551559448,
        0.06220191717147827,
        0.07611450552940369,
        0.07759138941764832,
        0.030812501907348633,
        0.05425098538398743,
        0.12032714486122131,
        0.04327750205993652,
        0.06107985973358154,
        0.012825191020965576,
        0.14544552564620972,
        0.02049306035041809,
        0.08359107375144958,
        -0.020409047603607178,
        0.05281844735145569,
        0.08970502018928528,
        0.12029159069061279,
        0.08285370469093323,
        0.09162268042564392,
        0.12669101357460022,
        0.11065900325775146,
        -0.014228343963623047,
        0.06141284108161926,
        0.01189202070236206,
        0.06128817796707153,
        0.05098119378089905,
        -0.037585288286209106,
        -0.023807436227798462,
        0.13017451763153076,
        -0.006220310926437378,
        0.12757715582847595
      ]
    }
  }
}