{
  "panel_id": "Fig_03_G",
  "title": "Self-Report Drift Under Steering — Interested / Bored",
  "description": "Mean logit self-report across turns for different steering alphas (display-corrected for polarity). Drift Spearman ρ indicates temporal trend at each alpha level.",
  "concept": "bored_vs_interested",
  "alpha_display_flipped": false,
  "drift_by_alpha": {
    "-4.0": {
      "display_alpha": -4.0,
      "means": [
        5.4554,
        5.7763,
        6.0075,
        6.1072,
        6.2281,
        6.2495,
        6.229,
        6.2699,
        6.3678,
        6.4127
      ],
      "ci_low": [
        5.3578,
        5.6547,
        5.8774,
        5.9563,
        6.0609,
        6.084,
        6.0669,
        6.0915,
        6.1831,
        6.2175
      ],
      "ci_high": [
        5.5423,
        5.8905,
        6.1248,
        6.2539,
        6.385,
        6.4198,
        6.3789,
        6.43,
        6.537,
        6.5837
      ],
      "drift_spearman_rho": 0.4585,
      "drift_spearman_p": 3.495156953197425e-22,
      "drift_magnitude": 0.9573
    },
    "-2.0": {
      "display_alpha": -2.0,
      "means": [
        5.8052,
        6.2508,
        6.5612,
        6.6883,
        6.8169,
        6.8422,
        6.8502,
        6.8943,
        6.9984,
        7.0462
      ],
      "ci_low": [
        5.6885,
        6.0913,
        6.3879,
        6.5045,
        6.6126,
        6.6506,
        6.6588,
        6.6982,
        6.7913,
        6.8439
      ],
      "ci_high": [
        5.9126,
        6.4013,
        6.7122,
        6.8491,
        6.9885,
        7.0183,
        7.0188,
        7.065,
        7.1782,
        7.2209
      ],
      "drift_spearman_rho": 0.4904,
      "drift_spearman_p": 1.3624855038344258e-25,
      "drift_magnitude": 1.241
    },
    "0.0": {
      "display_alpha": 0.0,
      "means": [
        6.4083,
        6.9428,
        7.2515,
        7.3441,
        7.4241,
        7.43,
        7.4422,
        7.4787,
        7.5488,
        7.5885
      ],
      "ci_low": [
        6.2344,
        6.7604,
        7.0794,
        7.1746,
        7.2573,
        7.2685,
        7.2878,
        7.3196,
        7.3914,
        7.4374
      ],
      "ci_high": [
        6.5612,
        7.1055,
        7.3953,
        7.4904,
        7.5631,
        7.5683,
        7.5767,
        7.6051,
        7.6742,
        7.709
      ],
      "drift_spearman_rho": 0.4819,
      "drift_spearman_p": 1.1882723996563983e-24,
      "drift_magnitude": 1.1801
    },
    "2.0": {
      "display_alpha": 2.0,
      "means": [
        7.2786,
        7.6081,
        7.7627,
        7.8034,
        7.8347,
        7.8486,
        7.8449,
        7.8666,
        7.8918,
        7.9273
      ],
      "ci_low": [
        7.1051,
        7.4989,
        7.6722,
        7.7073,
        7.7503,
        7.7688,
        7.7607,
        7.7862,
        7.8047,
        7.8522
      ],
      "ci_high": [
        7.4187,
        7.7054,
        7.8368,
        7.8842,
        7.9086,
        7.9188,
        7.9188,
        7.9349,
        7.9646,
        7.9892
      ],
      "drift_spearman_rho": 0.4357,
      "drift_spearman_p": 5.828848905401306e-20,
      "drift_magnitude": 0.6488
    },
    "4.0": {
      "display_alpha": 4.0,
      "means": [
        7.8192,
        7.9203,
        8.0093,
        8.0458,
        8.0652,
        8.0695,
        8.0608,
        8.0783,
        8.0995,
        8.1236
      ],
      "ci_low": [
        7.7602,
        7.8672,
        7.9593,
        7.9859,
        8.0113,
        8.0139,
        8.0049,
        8.0242,
        8.0398,
        8.0649
      ],
      "ci_high": [
        7.8705,
        7.969,
        8.0556,
        8.1048,
        8.1154,
        8.124,
        8.1189,
        8.1291,
        8.1578,
        8.1784
      ],
      "drift_spearman_rho": 0.396,
      "drift_spearman_p": 1.8021545791814115e-16,
      "drift_magnitude": 0.3044
    }
  }
}