{
  "panel_id": "App_Fig_05_D",
  "title": "Normalized Probe Drift — Gemma vs Qwen",
  "description": "Probe-score drift across turns for the cross-family wellbeing comparison. Scores are sign-corrected and z-scored within model so Gemma and Qwen can be compared on a common scale.",
  "drift_stats": {
    "Gemma 3 4B": {
      "normalization_mean_raw_probe": 1576.9287,
      "normalization_sd_raw_probe": 14.6863,
      "drift_magnitude_z": 1.135,
      "spearman_rho_vs_turn_POOLED": 0.3394,
      "spearman_p_POOLED": 3.0846012862831353e-12,
      "corrected_drift": {
        "per_conv_slopes": {
          "n": 40,
          "mean": 0.12421306822447811,
          "std": 0.11980330717884821,
          "t_stat": 6.5573517125174625,
          "t_p": 8.732880286956312e-08,
          "wilcoxon_stat": 43.0,
          "wilcoxon_p": 2.3623215383850038e-08,
          "slopes": [
            0.218838,
            0.074877,
            0.208463,
            0.184991,
            0.163953,
            0.280517,
            -0.043334,
            -0.027232,
            0.025176,
            0.487175,
            0.060138,
            0.093422,
            0.181055,
            0.14017,
            0.039043,
            -0.136228,
            0.146734,
            0.182007,
            0.113955,
            0.045528,
            0.233305,
            0.310862,
            -0.035285,
            0.251212,
            0.16774,
            0.084538,
            0.205413,
            -0.027452,
            0.343011,
            0.064607,
            0.193221,
            -0.012923,
            0.056844,
            0.060989,
            0.108472,
            0.092162,
            0.216463,
            0.039597,
            0.108408,
            0.068091
          ]
        },
        "lmm": {
          "intercept": 9.193613886810072e-18,
          "slope": 0.12421306822447818,
          "slope_z": 10.714114786151255,
          "slope_p": 8.738923133728377e-27,
          "n_obs": 400,
          "n_groups": 40,
          "converged": true
        }
      }
    },
    "Qwen 2.5 7B": {
      "normalization_mean_raw_probe": 13.9147,
      "normalization_sd_raw_probe": 1.6042,
      "drift_magnitude_z": 1.0793,
      "spearman_rho_vs_turn_POOLED": 0.2405,
      "spearman_p_POOLED": 1.1363350829603715e-06,
      "corrected_drift": {
        "per_conv_slopes": {
          "n": 40,
          "mean": 0.10258877736097687,
          "std": 0.12370310304844197,
          "t_stat": 5.245045448949887,
          "t_p": 5.764653036323868e-06,
          "wilcoxon_stat": 56.0,
          "wilcoxon_p": 1.1634983820840716e-07,
          "slopes": [
            0.109204,
            0.074094,
            0.071676,
            0.013154,
            0.332209,
            0.055821,
            0.00575,
            0.034563,
            0.002383,
            0.026362,
            -0.016856,
            -0.111059,
            0.038428,
            0.090808,
            0.304298,
            0.024285,
            0.076449,
            0.050518,
            0.054265,
            0.082509,
            0.090509,
            0.033235,
            0.20428,
            0.291586,
            -0.001107,
            -0.028058,
            0.428121,
            0.11101,
            0.101525,
            0.044974,
            0.203585,
            0.267847,
            -0.007231,
            0.036234,
            -0.003699,
            0.266593,
            0.063208,
            0.083018,
            0.411831,
            0.187228
          ]
        },
        "lmm": {
          "intercept": -0.5642382754853715,
          "slope": 0.1025887773609768,
          "slope_z": 11.44036383975742,
          "slope_p": 2.6278118465835535e-30,
          "n_obs": 400,
          "n_groups": 40,
          "converged": true
        }
      }
    }
  }
}