{
  "best_d": 2.787335157394409,
  "best_layer": 2,
  "best_p": 3.133923121012572e-10,
  "n_eval": 12,
  "n_train": 24,
  "n_train_neg": 24,
  "n_train_pos": 24,
  "num_layers": 28,
  "proj_std_best_layer": 0.03505278751254082,
  "train_prompt_mode": "shared"
}